2147483647;\u1B0C
8192;\u1B2B\u1B2B\u1B2B\u1B2B\u1B2B\u1B2B\u1B2B\u1B0B
7168;\u1B2B\u1B2B\u1B2B\u1B2B\u1B2B\u1B2B\u1B0B
6144;\u1B2B\u1B2B\u1B2B\u1B2B\u1B2B\u1B0B
5120;\u1B2B\u1B2B\u1B2B\u1B2B\u1B0B
4096;\u1B2B\u1B2B\u1B2B\u1B0B
3072;\u1B2B\u1B2B\u1B0B
2048;\u1B2B\u1B0B
1024;\u1B0B
1023;\u1B2A\u1B29\u1B28\u1B27\u1B26\u1B25\u1B24\u1B03
1022;\u1B2A\u1B29\u1B28\u1B27\u1B26\u1B25\u1B24\u1B02
1021;\u1B2A\u1B29\u1B28\u1B27\u1B26\u1B25\u1B24\u1B01
1020;\u1B2A\u1B29\u1B28\u1B27\u1B26\u1B25\u1B24\u1B00
1019;\u1B2A\u1B29\u1B28\u1B27\u1B26\u1B25\u1B24\u1B7C
1018;\u1B2A\u1B29\u1B28\u1B27\u1B26\u1B25\u1B24\u1B7B
1017;\u1B2A\u1B29\u1B28\u1B27\u1B26\u1B25\u1B24\u1B7A
1016;\u1B2A\u1B29\u1B28\u1B27\u1B26\u1B25\u1B04
1015;\u1B2A\u1B29\u1B28\u1B27\u1B26\u1B25\u1B03
1014;\u1B2A\u1B29\u1B28\u1B27\u1B26\u1B25\u1B02
1013;\u1B2A\u1B29\u1B28\u1B27\u1B26\u1B25\u1B01
1012;\u1B2A\u1B29\u1B28\u1B27\u1B26\u1B25\u1B00
1011;\u1B2A\u1B29\u1B28\u1B27\u1B26\u1B25\u1B7C
1010;\u1B2A\u1B29\u1B28\u1B27\u1B26\u1B25\u1B7B
1009;\u1B2A\u1B29\u1B28\u1B27\u1B26\u1B25\u1B7A
1008;\u1B2A\u1B29\u1B28\u1B27\u1B26\u1B05
1007;\u1B2A\u1B29\u1B28\u1B27\u1B26\u1B24\u1B03
1006;\u1B2A\u1B29\u1B28\u1B27\u1B26\u1B24\u1B02
1005;\u1B2A\u1B29\u1B28\u1B27\u1B26\u1B24\u1B01
1004;\u1B2A\u1B29\u1B28\u1B27\u1B26\u1B24\u1B00
1003;\u1B2A\u1B29\u1B28\u1B27\u1B26\u1B24\u1B7C
1002;\u1B2A\u1B29\u1B28\u1B27\u1B26\u1B24\u1B7B
1001;\u1B2A\u1B29\u1B28\u1B27\u1B26\u1B24\u1B7A
1000;\u1B2A\u1B29\u1B28\u1B27\u1B26\u1B04
999;\u1B2A\u1B29\u1B28\u1B27\u1B26\u1B03
998;\u1B2A\u1B29\u1B28\u1B27\u1B26\u1B02
997;\u1B2A\u1B29\u1B28\u1B27\u1B26\u1B01
996;\u1B2A\u1B29\u1B28\u1B27\u1B26\u1B00
995;\u1B2A\u1B29\u1B28\u1B27\u1B26\u1B7C
994;\u1B2A\u1B29\u1B28\u1B27\u1B26\u1B7B
993;\u1B2A\u1B29\u1B28\u1B27\u1B26\u1B7A
992;\u1B2A\u1B29\u1B28\u1B27\u1B06
991;\u1B2A\u1B29\u1B28\u1B27\u1B25\u1B24\u1B03
990;\u1B2A\u1B29\u1B28\u1B27\u1B25\u1B24\u1B02
989;\u1B2A\u1B29\u1B28\u1B27\u1B25\u1B24\u1B01
988;\u1B2A\u1B29\u1B28\u1B27\u1B25\u1B24\u1B00
987;\u1B2A\u1B29\u1B28\u1B27\u1B25\u1B24\u1B7C
986;\u1B2A\u1B29\u1B28\u1B27\u1B25\u1B24\u1B7B
985;\u1B2A\u1B29\u1B28\u1B27\u1B25\u1B24\u1B7A
984;\u1B2A\u1B29\u1B28\u1B27\u1B25\u1B04
983;\u1B2A\u1B29\u1B28\u1B27\u1B25\u1B03
982;\u1B2A\u1B29\u1B28\u1B27\u1B25\u1B02
981;\u1B2A\u1B29\u1B28\u1B27\u1B25\u1B01
980;\u1B2A\u1B29\u1B28\u1B27\u1B25\u1B00
979;\u1B2A\u1B29\u1B28\u1B27\u1B25\u1B7C
978;\u1B2A\u1B29\u1B28\u1B27\u1B25\u1B7B
977;\u1B2A\u1B29\u1B28\u1B27\u1B25\u1B7A
976;\u1B2A\u1B29\u1B28\u1B27\u1B05
975;\u1B2A\u1B29\u1B28\u1B27\u1B24\u1B03
974;\u1B2A\u1B29\u1B28\u1B27\u1B24\u1B02
973;\u1B2A\u1B29\u1B28\u1B27\u1B24\u1B01
972;\u1B2A\u1B29\u1B28\u1B27\u1B24\u1B00
971;\u1B2A\u1B29\u1B28\u1B27\u1B24\u1B7C
970;\u1B2A\u1B29\u1B28\u1B27\u1B24\u1B7B
969;\u1B2A\u1B29\u1B28\u1B27\u1B24\u1B7A
968;\u1B2A\u1B29\u1B28\u1B27\u1B04
967;\u1B2A\u1B29\u1B28\u1B27\u1B03
966;\u1B2A\u1B29\u1B28\u1B27\u1B02
965;\u1B2A\u1B29\u1B28\u1B27\u1B01
964;\u1B2A\u1B29\u1B28\u1B27\u1B00
963;\u1B2A\u1B29\u1B28\u1B27\u1B7C
962;\u1B2A\u1B29\u1B28\u1B27\u1B7B
961;\u1B2A\u1B29\u1B28\u1B27\u1B7A
960;\u1B2A\u1B29\u1B28\u1B07
959;\u1B2A\u1B29\u1B28\u1B26\u1B25\u1B24\u1B03
958;\u1B2A\u1B29\u1B28\u1B26\u1B25\u1B24\u1B02
957;\u1B2A\u1B29\u1B28\u1B26\u1B25\u1B24\u1B01
956;\u1B2A\u1B29\u1B28\u1B26\u1B25\u1B24\u1B00
955;\u1B2A\u1B29\u1B28\u1B26\u1B25\u1B24\u1B7C
954;\u1B2A\u1B29\u1B28\u1B26\u1B25\u1B24\u1B7B
953;\u1B2A\u1B29\u1B28\u1B26\u1B25\u1B24\u1B7A
952;\u1B2A\u1B29\u1B28\u1B26\u1B25\u1B04
951;\u1B2A\u1B29\u1B28\u1B26\u1B25\u1B03
950;\u1B2A\u1B29\u1B28\u1B26\u1B25\u1B02
949;\u1B2A\u1B29\u1B28\u1B26\u1B25\u1B01
948;\u1B2A\u1B29\u1B28\u1B26\u1B25\u1B00
947;\u1B2A\u1B29\u1B28\u1B26\u1B25\u1B7C
946;\u1B2A\u1B29\u1B28\u1B26\u1B25\u1B7B
945;\u1B2A\u1B29\u1B28\u1B26\u1B25\u1B7A
944;\u1B2A\u1B29\u1B28\u1B26\u1B05
943;\u1B2A\u1B29\u1B28\u1B26\u1B24\u1B03
942;\u1B2A\u1B29\u1B28\u1B26\u1B24\u1B02
941;\u1B2A\u1B29\u1B28\u1B26\u1B24\u1B01
940;\u1B2A\u1B29\u1B28\u1B26\u1B24\u1B00
939;\u1B2A\u1B29\u1B28\u1B26\u1B24\u1B7C
938;\u1B2A\u1B29\u1B28\u1B26\u1B24\u1B7B
937;\u1B2A\u1B29\u1B28\u1B26\u1B24\u1B7A
936;\u1B2A\u1B29\u1B28\u1B26\u1B04
935;\u1B2A\u1B29\u1B28\u1B26\u1B03
934;\u1B2A\u1B29\u1B28\u1B26\u1B02
933;\u1B2A\u1B29\u1B28\u1B26\u1B01
932;\u1B2A\u1B29\u1B28\u1B26\u1B00
931;\u1B2A\u1B29\u1B28\u1B26\u1B7C
930;\u1B2A\u1B29\u1B28\u1B26\u1B7B
929;\u1B2A\u1B29\u1B28\u1B26\u1B7A
928;\u1B2A\u1B29\u1B28\u1B06
927;\u1B2A\u1B29\u1B28\u1B25\u1B24\u1B03
926;\u1B2A\u1B29\u1B28\u1B25\u1B24\u1B02
925;\u1B2A\u1B29\u1B28\u1B25\u1B24\u1B01
924;\u1B2A\u1B29\u1B28\u1B25\u1B24\u1B00
923;\u1B2A\u1B29\u1B28\u1B25\u1B24\u1B7C
922;\u1B2A\u1B29\u1B28\u1B25\u1B24\u1B7B
921;\u1B2A\u1B29\u1B28\u1B25\u1B24\u1B7A
920;\u1B2A\u1B29\u1B28\u1B25\u1B04
919;\u1B2A\u1B29\u1B28\u1B25\u1B03
918;\u1B2A\u1B29\u1B28\u1B25\u1B02
917;\u1B2A\u1B29\u1B28\u1B25\u1B01
916;\u1B2A\u1B29\u1B28\u1B25\u1B00
915;\u1B2A\u1B29\u1B28\u1B25\u1B7C
914;\u1B2A\u1B29\u1B28\u1B25\u1B7B
913;\u1B2A\u1B29\u1B28\u1B25\u1B7A
912;\u1B2A\u1B29\u1B28\u1B05
911;\u1B2A\u1B29\u1B28\u1B24\u1B03
910;\u1B2A\u1B29\u1B28\u1B24\u1B02
909;\u1B2A\u1B29\u1B28\u1B24\u1B01
908;\u1B2A\u1B29\u1B28\u1B24\u1B00
907;\u1B2A\u1B29\u1B28\u1B24\u1B7C
906;\u1B2A\u1B29\u1B28\u1B24\u1B7B
905;\u1B2A\u1B29\u1B28\u1B24\u1B7A
904;\u1B2A\u1B29\u1B28\u1B04
903;\u1B2A\u1B29\u1B28\u1B03
902;\u1B2A\u1B29\u1B28\u1B02
901;\u1B2A\u1B29\u1B28\u1B01
900;\u1B2A\u1B29\u1B28\u1B00
899;\u1B2A\u1B29\u1B28\u1B7C
898;\u1B2A\u1B29\u1B28\u1B7B
897;\u1B2A\u1B29\u1B28\u1B7A
896;\u1B2A\u1B29\u1B08
895;\u1B2A\u1B29\u1B27\u1B26\u1B25\u1B24\u1B03
894;\u1B2A\u1B29\u1B27\u1B26\u1B25\u1B24\u1B02
893;\u1B2A\u1B29\u1B27\u1B26\u1B25\u1B24\u1B01
892;\u1B2A\u1B29\u1B27\u1B26\u1B25\u1B24\u1B00
891;\u1B2A\u1B29\u1B27\u1B26\u1B25\u1B24\u1B7C
890;\u1B2A\u1B29\u1B27\u1B26\u1B25\u1B24\u1B7B
889;\u1B2A\u1B29\u1B27\u1B26\u1B25\u1B24\u1B7A
888;\u1B2A\u1B29\u1B27\u1B26\u1B25\u1B04
887;\u1B2A\u1B29\u1B27\u1B26\u1B25\u1B03
886;\u1B2A\u1B29\u1B27\u1B26\u1B25\u1B02
885;\u1B2A\u1B29\u1B27\u1B26\u1B25\u1B01
884;\u1B2A\u1B29\u1B27\u1B26\u1B25\u1B00
883;\u1B2A\u1B29\u1B27\u1B26\u1B25\u1B7C
882;\u1B2A\u1B29\u1B27\u1B26\u1B25\u1B7B
881;\u1B2A\u1B29\u1B27\u1B26\u1B25\u1B7A
880;\u1B2A\u1B29\u1B27\u1B26\u1B05
879;\u1B2A\u1B29\u1B27\u1B26\u1B24\u1B03
878;\u1B2A\u1B29\u1B27\u1B26\u1B24\u1B02
877;\u1B2A\u1B29\u1B27\u1B26\u1B24\u1B01
876;\u1B2A\u1B29\u1B27\u1B26\u1B24\u1B00
875;\u1B2A\u1B29\u1B27\u1B26\u1B24\u1B7C
874;\u1B2A\u1B29\u1B27\u1B26\u1B24\u1B7B
873;\u1B2A\u1B29\u1B27\u1B26\u1B24\u1B7A
872;\u1B2A\u1B29\u1B27\u1B26\u1B04
871;\u1B2A\u1B29\u1B27\u1B26\u1B03
870;\u1B2A\u1B29\u1B27\u1B26\u1B02
869;\u1B2A\u1B29\u1B27\u1B26\u1B01
868;\u1B2A\u1B29\u1B27\u1B26\u1B00
867;\u1B2A\u1B29\u1B27\u1B26\u1B7C
866;\u1B2A\u1B29\u1B27\u1B26\u1B7B
865;\u1B2A\u1B29\u1B27\u1B26\u1B7A
864;\u1B2A\u1B29\u1B27\u1B06
863;\u1B2A\u1B29\u1B27\u1B25\u1B24\u1B03
862;\u1B2A\u1B29\u1B27\u1B25\u1B24\u1B02
861;\u1B2A\u1B29\u1B27\u1B25\u1B24\u1B01
860;\u1B2A\u1B29\u1B27\u1B25\u1B24\u1B00
859;\u1B2A\u1B29\u1B27\u1B25\u1B24\u1B7C
858;\u1B2A\u1B29\u1B27\u1B25\u1B24\u1B7B
857;\u1B2A\u1B29\u1B27\u1B25\u1B24\u1B7A
856;\u1B2A\u1B29\u1B27\u1B25\u1B04
855;\u1B2A\u1B29\u1B27\u1B25\u1B03
854;\u1B2A\u1B29\u1B27\u1B25\u1B02
853;\u1B2A\u1B29\u1B27\u1B25\u1B01
852;\u1B2A\u1B29\u1B27\u1B25\u1B00
851;\u1B2A\u1B29\u1B27\u1B25\u1B7C
850;\u1B2A\u1B29\u1B27\u1B25\u1B7B
849;\u1B2A\u1B29\u1B27\u1B25\u1B7A
848;\u1B2A\u1B29\u1B27\u1B05
847;\u1B2A\u1B29\u1B27\u1B24\u1B03
846;\u1B2A\u1B29\u1B27\u1B24\u1B02
845;\u1B2A\u1B29\u1B27\u1B24\u1B01
844;\u1B2A\u1B29\u1B27\u1B24\u1B00
843;\u1B2A\u1B29\u1B27\u1B24\u1B7C
842;\u1B2A\u1B29\u1B27\u1B24\u1B7B
841;\u1B2A\u1B29\u1B27\u1B24\u1B7A
840;\u1B2A\u1B29\u1B27\u1B04
839;\u1B2A\u1B29\u1B27\u1B03
838;\u1B2A\u1B29\u1B27\u1B02
837;\u1B2A\u1B29\u1B27\u1B01
836;\u1B2A\u1B29\u1B27\u1B00
835;\u1B2A\u1B29\u1B27\u1B7C
834;\u1B2A\u1B29\u1B27\u1B7B
833;\u1B2A\u1B29\u1B27\u1B7A
832;\u1B2A\u1B29\u1B07
831;\u1B2A\u1B29\u1B26\u1B25\u1B24\u1B03
830;\u1B2A\u1B29\u1B26\u1B25\u1B24\u1B02
829;\u1B2A\u1B29\u1B26\u1B25\u1B24\u1B01
828;\u1B2A\u1B29\u1B26\u1B25\u1B24\u1B00
827;\u1B2A\u1B29\u1B26\u1B25\u1B24\u1B7C
826;\u1B2A\u1B29\u1B26\u1B25\u1B24\u1B7B
825;\u1B2A\u1B29\u1B26\u1B25\u1B24\u1B7A
824;\u1B2A\u1B29\u1B26\u1B25\u1B04
823;\u1B2A\u1B29\u1B26\u1B25\u1B03
822;\u1B2A\u1B29\u1B26\u1B25\u1B02
821;\u1B2A\u1B29\u1B26\u1B25\u1B01
820;\u1B2A\u1B29\u1B26\u1B25\u1B00
819;\u1B2A\u1B29\u1B26\u1B25\u1B7C
818;\u1B2A\u1B29\u1B26\u1B25\u1B7B
817;\u1B2A\u1B29\u1B26\u1B25\u1B7A
816;\u1B2A\u1B29\u1B26\u1B05
815;\u1B2A\u1B29\u1B26\u1B24\u1B03
814;\u1B2A\u1B29\u1B26\u1B24\u1B02
813;\u1B2A\u1B29\u1B26\u1B24\u1B01
812;\u1B2A\u1B29\u1B26\u1B24\u1B00
811;\u1B2A\u1B29\u1B26\u1B24\u1B7C
810;\u1B2A\u1B29\u1B26\u1B24\u1B7B
809;\u1B2A\u1B29\u1B26\u1B24\u1B7A
808;\u1B2A\u1B29\u1B26\u1B04
807;\u1B2A\u1B29\u1B26\u1B03
806;\u1B2A\u1B29\u1B26\u1B02
805;\u1B2A\u1B29\u1B26\u1B01
804;\u1B2A\u1B29\u1B26\u1B00
803;\u1B2A\u1B29\u1B26\u1B7C
802;\u1B2A\u1B29\u1B26\u1B7B
801;\u1B2A\u1B29\u1B26\u1B7A
800;\u1B2A\u1B29\u1B06
799;\u1B2A\u1B29\u1B25\u1B24\u1B03
798;\u1B2A\u1B29\u1B25\u1B24\u1B02
797;\u1B2A\u1B29\u1B25\u1B24\u1B01
796;\u1B2A\u1B29\u1B25\u1B24\u1B00
795;\u1B2A\u1B29\u1B25\u1B24\u1B7C
794;\u1B2A\u1B29\u1B25\u1B24\u1B7B
793;\u1B2A\u1B29\u1B25\u1B24\u1B7A
792;\u1B2A\u1B29\u1B25\u1B04
791;\u1B2A\u1B29\u1B25\u1B03
790;\u1B2A\u1B29\u1B25\u1B02
789;\u1B2A\u1B29\u1B25\u1B01
788;\u1B2A\u1B29\u1B25\u1B00
787;\u1B2A\u1B29\u1B25\u1B7C
786;\u1B2A\u1B29\u1B25\u1B7B
785;\u1B2A\u1B29\u1B25\u1B7A
784;\u1B2A\u1B29\u1B05
783;\u1B2A\u1B29\u1B24\u1B03
782;\u1B2A\u1B29\u1B24\u1B02
781;\u1B2A\u1B29\u1B24\u1B01
780;\u1B2A\u1B29\u1B24\u1B00
779;\u1B2A\u1B29\u1B24\u1B7C
778;\u1B2A\u1B29\u1B24\u1B7B
777;\u1B2A\u1B29\u1B24\u1B7A
776;\u1B2A\u1B29\u1B04
775;\u1B2A\u1B29\u1B03
774;\u1B2A\u1B29\u1B02
773;\u1B2A\u1B29\u1B01
772;\u1B2A\u1B29\u1B00
771;\u1B2A\u1B29\u1B7C
770;\u1B2A\u1B29\u1B7B
769;\u1B2A\u1B29\u1B7A
768;\u1B2A\u1B09
767;\u1B2A\u1B28\u1B27\u1B26\u1B25\u1B24\u1B03
766;\u1B2A\u1B28\u1B27\u1B26\u1B25\u1B24\u1B02
765;\u1B2A\u1B28\u1B27\u1B26\u1B25\u1B24\u1B01
764;\u1B2A\u1B28\u1B27\u1B26\u1B25\u1B24\u1B00
763;\u1B2A\u1B28\u1B27\u1B26\u1B25\u1B24\u1B7C
762;\u1B2A\u1B28\u1B27\u1B26\u1B25\u1B24\u1B7B
761;\u1B2A\u1B28\u1B27\u1B26\u1B25\u1B24\u1B7A
760;\u1B2A\u1B28\u1B27\u1B26\u1B25\u1B04
759;\u1B2A\u1B28\u1B27\u1B26\u1B25\u1B03
758;\u1B2A\u1B28\u1B27\u1B26\u1B25\u1B02
757;\u1B2A\u1B28\u1B27\u1B26\u1B25\u1B01
756;\u1B2A\u1B28\u1B27\u1B26\u1B25\u1B00
755;\u1B2A\u1B28\u1B27\u1B26\u1B25\u1B7C
754;\u1B2A\u1B28\u1B27\u1B26\u1B25\u1B7B
753;\u1B2A\u1B28\u1B27\u1B26\u1B25\u1B7A
752;\u1B2A\u1B28\u1B27\u1B26\u1B05
751;\u1B2A\u1B28\u1B27\u1B26\u1B24\u1B03
750;\u1B2A\u1B28\u1B27\u1B26\u1B24\u1B02
749;\u1B2A\u1B28\u1B27\u1B26\u1B24\u1B01
748;\u1B2A\u1B28\u1B27\u1B26\u1B24\u1B00
747;\u1B2A\u1B28\u1B27\u1B26\u1B24\u1B7C
746;\u1B2A\u1B28\u1B27\u1B26\u1B24\u1B7B
745;\u1B2A\u1B28\u1B27\u1B26\u1B24\u1B7A
744;\u1B2A\u1B28\u1B27\u1B26\u1B04
743;\u1B2A\u1B28\u1B27\u1B26\u1B03
742;\u1B2A\u1B28\u1B27\u1B26\u1B02
741;\u1B2A\u1B28\u1B27\u1B26\u1B01
740;\u1B2A\u1B28\u1B27\u1B26\u1B00
739;\u1B2A\u1B28\u1B27\u1B26\u1B7C
738;\u1B2A\u1B28\u1B27\u1B26\u1B7B
737;\u1B2A\u1B28\u1B27\u1B26\u1B7A
736;\u1B2A\u1B28\u1B27\u1B06
735;\u1B2A\u1B28\u1B27\u1B25\u1B24\u1B03
734;\u1B2A\u1B28\u1B27\u1B25\u1B24\u1B02
733;\u1B2A\u1B28\u1B27\u1B25\u1B24\u1B01
732;\u1B2A\u1B28\u1B27\u1B25\u1B24\u1B00
731;\u1B2A\u1B28\u1B27\u1B25\u1B24\u1B7C
730;\u1B2A\u1B28\u1B27\u1B25\u1B24\u1B7B
729;\u1B2A\u1B28\u1B27\u1B25\u1B24\u1B7A
728;\u1B2A\u1B28\u1B27\u1B25\u1B04
727;\u1B2A\u1B28\u1B27\u1B25\u1B03
726;\u1B2A\u1B28\u1B27\u1B25\u1B02
725;\u1B2A\u1B28\u1B27\u1B25\u1B01
724;\u1B2A\u1B28\u1B27\u1B25\u1B00
723;\u1B2A\u1B28\u1B27\u1B25\u1B7C
722;\u1B2A\u1B28\u1B27\u1B25\u1B7B
721;\u1B2A\u1B28\u1B27\u1B25\u1B7A
720;\u1B2A\u1B28\u1B27\u1B05
719;\u1B2A\u1B28\u1B27\u1B24\u1B03
718;\u1B2A\u1B28\u1B27\u1B24\u1B02
717;\u1B2A\u1B28\u1B27\u1B24\u1B01
716;\u1B2A\u1B28\u1B27\u1B24\u1B00
715;\u1B2A\u1B28\u1B27\u1B24\u1B7C
714;\u1B2A\u1B28\u1B27\u1B24\u1B7B
713;\u1B2A\u1B28\u1B27\u1B24\u1B7A
712;\u1B2A\u1B28\u1B27\u1B04
711;\u1B2A\u1B28\u1B27\u1B03
710;\u1B2A\u1B28\u1B27\u1B02
709;\u1B2A\u1B28\u1B27\u1B01
708;\u1B2A\u1B28\u1B27\u1B00
707;\u1B2A\u1B28\u1B27\u1B7C
706;\u1B2A\u1B28\u1B27\u1B7B
705;\u1B2A\u1B28\u1B27\u1B7A
704;\u1B2A\u1B28\u1B07
703;\u1B2A\u1B28\u1B26\u1B25\u1B24\u1B03
702;\u1B2A\u1B28\u1B26\u1B25\u1B24\u1B02
701;\u1B2A\u1B28\u1B26\u1B25\u1B24\u1B01
700;\u1B2A\u1B28\u1B26\u1B25\u1B24\u1B00
699;\u1B2A\u1B28\u1B26\u1B25\u1B24\u1B7C
698;\u1B2A\u1B28\u1B26\u1B25\u1B24\u1B7B
697;\u1B2A\u1B28\u1B26\u1B25\u1B24\u1B7A
696;\u1B2A\u1B28\u1B26\u1B25\u1B04
695;\u1B2A\u1B28\u1B26\u1B25\u1B03
694;\u1B2A\u1B28\u1B26\u1B25\u1B02
693;\u1B2A\u1B28\u1B26\u1B25\u1B01
692;\u1B2A\u1B28\u1B26\u1B25\u1B00
691;\u1B2A\u1B28\u1B26\u1B25\u1B7C
690;\u1B2A\u1B28\u1B26\u1B25\u1B7B
689;\u1B2A\u1B28\u1B26\u1B25\u1B7A
688;\u1B2A\u1B28\u1B26\u1B05
687;\u1B2A\u1B28\u1B26\u1B24\u1B03
686;\u1B2A\u1B28\u1B26\u1B24\u1B02
685;\u1B2A\u1B28\u1B26\u1B24\u1B01
684;\u1B2A\u1B28\u1B26\u1B24\u1B00
683;\u1B2A\u1B28\u1B26\u1B24\u1B7C
682;\u1B2A\u1B28\u1B26\u1B24\u1B7B
681;\u1B2A\u1B28\u1B26\u1B24\u1B7A
680;\u1B2A\u1B28\u1B26\u1B04
679;\u1B2A\u1B28\u1B26\u1B03
678;\u1B2A\u1B28\u1B26\u1B02
677;\u1B2A\u1B28\u1B26\u1B01
676;\u1B2A\u1B28\u1B26\u1B00
675;\u1B2A\u1B28\u1B26\u1B7C
674;\u1B2A\u1B28\u1B26\u1B7B
673;\u1B2A\u1B28\u1B26\u1B7A
672;\u1B2A\u1B28\u1B06
671;\u1B2A\u1B28\u1B25\u1B24\u1B03
670;\u1B2A\u1B28\u1B25\u1B24\u1B02
669;\u1B2A\u1B28\u1B25\u1B24\u1B01
668;\u1B2A\u1B28\u1B25\u1B24\u1B00
667;\u1B2A\u1B28\u1B25\u1B24\u1B7C
666;\u1B2A\u1B28\u1B25\u1B24\u1B7B
665;\u1B2A\u1B28\u1B25\u1B24\u1B7A
664;\u1B2A\u1B28\u1B25\u1B04
663;\u1B2A\u1B28\u1B25\u1B03
662;\u1B2A\u1B28\u1B25\u1B02
661;\u1B2A\u1B28\u1B25\u1B01
660;\u1B2A\u1B28\u1B25\u1B00
659;\u1B2A\u1B28\u1B25\u1B7C
658;\u1B2A\u1B28\u1B25\u1B7B
657;\u1B2A\u1B28\u1B25\u1B7A
656;\u1B2A\u1B28\u1B05
655;\u1B2A\u1B28\u1B24\u1B03
654;\u1B2A\u1B28\u1B24\u1B02
653;\u1B2A\u1B28\u1B24\u1B01
652;\u1B2A\u1B28\u1B24\u1B00
651;\u1B2A\u1B28\u1B24\u1B7C
650;\u1B2A\u1B28\u1B24\u1B7B
649;\u1B2A\u1B28\u1B24\u1B7A
648;\u1B2A\u1B28\u1B04
647;\u1B2A\u1B28\u1B03
646;\u1B2A\u1B28\u1B02
645;\u1B2A\u1B28\u1B01
644;\u1B2A\u1B28\u1B00
643;\u1B2A\u1B28\u1B7C
642;\u1B2A\u1B28\u1B7B
641;\u1B2A\u1B28\u1B7A
640;\u1B2A\u1B08
639;\u1B2A\u1B27\u1B26\u1B25\u1B24\u1B03
638;\u1B2A\u1B27\u1B26\u1B25\u1B24\u1B02
637;\u1B2A\u1B27\u1B26\u1B25\u1B24\u1B01
636;\u1B2A\u1B27\u1B26\u1B25\u1B24\u1B00
635;\u1B2A\u1B27\u1B26\u1B25\u1B24\u1B7C
634;\u1B2A\u1B27\u1B26\u1B25\u1B24\u1B7B
633;\u1B2A\u1B27\u1B26\u1B25\u1B24\u1B7A
632;\u1B2A\u1B27\u1B26\u1B25\u1B04
631;\u1B2A\u1B27\u1B26\u1B25\u1B03
630;\u1B2A\u1B27\u1B26\u1B25\u1B02
629;\u1B2A\u1B27\u1B26\u1B25\u1B01
628;\u1B2A\u1B27\u1B26\u1B25\u1B00
627;\u1B2A\u1B27\u1B26\u1B25\u1B7C
626;\u1B2A\u1B27\u1B26\u1B25\u1B7B
625;\u1B2A\u1B27\u1B26\u1B25\u1B7A
624;\u1B2A\u1B27\u1B26\u1B05
623;\u1B2A\u1B27\u1B26\u1B24\u1B03
622;\u1B2A\u1B27\u1B26\u1B24\u1B02
621;\u1B2A\u1B27\u1B26\u1B24\u1B01
620;\u1B2A\u1B27\u1B26\u1B24\u1B00
619;\u1B2A\u1B27\u1B26\u1B24\u1B7C
618;\u1B2A\u1B27\u1B26\u1B24\u1B7B
617;\u1B2A\u1B27\u1B26\u1B24\u1B7A
616;\u1B2A\u1B27\u1B26\u1B04
615;\u1B2A\u1B27\u1B26\u1B03
614;\u1B2A\u1B27\u1B26\u1B02
613;\u1B2A\u1B27\u1B26\u1B01
612;\u1B2A\u1B27\u1B26\u1B00
611;\u1B2A\u1B27\u1B26\u1B7C
610;\u1B2A\u1B27\u1B26\u1B7B
609;\u1B2A\u1B27\u1B26\u1B7A
608;\u1B2A\u1B27\u1B06
607;\u1B2A\u1B27\u1B25\u1B24\u1B03
606;\u1B2A\u1B27\u1B25\u1B24\u1B02
605;\u1B2A\u1B27\u1B25\u1B24\u1B01
604;\u1B2A\u1B27\u1B25\u1B24\u1B00
603;\u1B2A\u1B27\u1B25\u1B24\u1B7C
602;\u1B2A\u1B27\u1B25\u1B24\u1B7B
601;\u1B2A\u1B27\u1B25\u1B24\u1B7A
600;\u1B2A\u1B27\u1B25\u1B04
599;\u1B2A\u1B27\u1B25\u1B03
598;\u1B2A\u1B27\u1B25\u1B02
597;\u1B2A\u1B27\u1B25\u1B01
596;\u1B2A\u1B27\u1B25\u1B00
595;\u1B2A\u1B27\u1B25\u1B7C
594;\u1B2A\u1B27\u1B25\u1B7B
593;\u1B2A\u1B27\u1B25\u1B7A
592;\u1B2A\u1B27\u1B05
591;\u1B2A\u1B27\u1B24\u1B03
590;\u1B2A\u1B27\u1B24\u1B02
589;\u1B2A\u1B27\u1B24\u1B01
588;\u1B2A\u1B27\u1B24\u1B00
587;\u1B2A\u1B27\u1B24\u1B7C
586;\u1B2A\u1B27\u1B24\u1B7B
585;\u1B2A\u1B27\u1B24\u1B7A
584;\u1B2A\u1B27\u1B04
583;\u1B2A\u1B27\u1B03
582;\u1B2A\u1B27\u1B02
581;\u1B2A\u1B27\u1B01
580;\u1B2A\u1B27\u1B00
579;\u1B2A\u1B27\u1B7C
578;\u1B2A\u1B27\u1B7B
577;\u1B2A\u1B27\u1B7A
576;\u1B2A\u1B07
575;\u1B2A\u1B26\u1B25\u1B24\u1B03
574;\u1B2A\u1B26\u1B25\u1B24\u1B02
573;\u1B2A\u1B26\u1B25\u1B24\u1B01
572;\u1B2A\u1B26\u1B25\u1B24\u1B00
571;\u1B2A\u1B26\u1B25\u1B24\u1B7C
570;\u1B2A\u1B26\u1B25\u1B24\u1B7B
569;\u1B2A\u1B26\u1B25\u1B24\u1B7A
568;\u1B2A\u1B26\u1B25\u1B04
567;\u1B2A\u1B26\u1B25\u1B03
566;\u1B2A\u1B26\u1B25\u1B02
565;\u1B2A\u1B26\u1B25\u1B01
564;\u1B2A\u1B26\u1B25\u1B00
563;\u1B2A\u1B26\u1B25\u1B7C
562;\u1B2A\u1B26\u1B25\u1B7B
561;\u1B2A\u1B26\u1B25\u1B7A
560;\u1B2A\u1B26\u1B05
559;\u1B2A\u1B26\u1B24\u1B03
558;\u1B2A\u1B26\u1B24\u1B02
557;\u1B2A\u1B26\u1B24\u1B01
556;\u1B2A\u1B26\u1B24\u1B00
555;\u1B2A\u1B26\u1B24\u1B7C
554;\u1B2A\u1B26\u1B24\u1B7B
553;\u1B2A\u1B26\u1B24\u1B7A
552;\u1B2A\u1B26\u1B04
551;\u1B2A\u1B26\u1B03
550;\u1B2A\u1B26\u1B02
549;\u1B2A\u1B26\u1B01
548;\u1B2A\u1B26\u1B00
547;\u1B2A\u1B26\u1B7C
546;\u1B2A\u1B26\u1B7B
545;\u1B2A\u1B26\u1B7A
544;\u1B2A\u1B06
543;\u1B2A\u1B25\u1B24\u1B03
542;\u1B2A\u1B25\u1B24\u1B02
541;\u1B2A\u1B25\u1B24\u1B01
540;\u1B2A\u1B25\u1B24\u1B00
539;\u1B2A\u1B25\u1B24\u1B7C
538;\u1B2A\u1B25\u1B24\u1B7B
537;\u1B2A\u1B25\u1B24\u1B7A
536;\u1B2A\u1B25\u1B04
535;\u1B2A\u1B25\u1B03
534;\u1B2A\u1B25\u1B02
533;\u1B2A\u1B25\u1B01
532;\u1B2A\u1B25\u1B00
531;\u1B2A\u1B25\u1B7C
530;\u1B2A\u1B25\u1B7B
529;\u1B2A\u1B25\u1B7A
528;\u1B2A\u1B05
527;\u1B2A\u1B24\u1B03
526;\u1B2A\u1B24\u1B02
525;\u1B2A\u1B24\u1B01
524;\u1B2A\u1B24\u1B00
523;\u1B2A\u1B24\u1B7C
522;\u1B2A\u1B24\u1B7B
521;\u1B2A\u1B24\u1B7A
520;\u1B2A\u1B04
519;\u1B2A\u1B03
518;\u1B2A\u1B02
517;\u1B2A\u1B01
516;\u1B2A\u1B00
515;\u1B2A\u1B7C
514;\u1B2A\u1B7B
513;\u1B2A\u1B7A
512;\u1B0A
511;\u1B29\u1B28\u1B27\u1B26\u1B25\u1B24\u1B03
510;\u1B29\u1B28\u1B27\u1B26\u1B25\u1B24\u1B02
509;\u1B29\u1B28\u1B27\u1B26\u1B25\u1B24\u1B01
508;\u1B29\u1B28\u1B27\u1B26\u1B25\u1B24\u1B00
507;\u1B29\u1B28\u1B27\u1B26\u1B25\u1B24\u1B7C
506;\u1B29\u1B28\u1B27\u1B26\u1B25\u1B24\u1B7B
505;\u1B29\u1B28\u1B27\u1B26\u1B25\u1B24\u1B7A
504;\u1B29\u1B28\u1B27\u1B26\u1B25\u1B04
503;\u1B29\u1B28\u1B27\u1B26\u1B25\u1B03
502;\u1B29\u1B28\u1B27\u1B26\u1B25\u1B02
501;\u1B29\u1B28\u1B27\u1B26\u1B25\u1B01
500;\u1B29\u1B28\u1B27\u1B26\u1B25\u1B00
499;\u1B29\u1B28\u1B27\u1B26\u1B25\u1B7C
498;\u1B29\u1B28\u1B27\u1B26\u1B25\u1B7B
497;\u1B29\u1B28\u1B27\u1B26\u1B25\u1B7A
496;\u1B29\u1B28\u1B27\u1B26\u1B05
495;\u1B29\u1B28\u1B27\u1B26\u1B24\u1B03
494;\u1B29\u1B28\u1B27\u1B26\u1B24\u1B02
493;\u1B29\u1B28\u1B27\u1B26\u1B24\u1B01
492;\u1B29\u1B28\u1B27\u1B26\u1B24\u1B00
491;\u1B29\u1B28\u1B27\u1B26\u1B24\u1B7C
490;\u1B29\u1B28\u1B27\u1B26\u1B24\u1B7B
489;\u1B29\u1B28\u1B27\u1B26\u1B24\u1B7A
488;\u1B29\u1B28\u1B27\u1B26\u1B04
487;\u1B29\u1B28\u1B27\u1B26\u1B03
486;\u1B29\u1B28\u1B27\u1B26\u1B02
485;\u1B29\u1B28\u1B27\u1B26\u1B01
484;\u1B29\u1B28\u1B27\u1B26\u1B00
483;\u1B29\u1B28\u1B27\u1B26\u1B7C
482;\u1B29\u1B28\u1B27\u1B26\u1B7B
481;\u1B29\u1B28\u1B27\u1B26\u1B7A
480;\u1B29\u1B28\u1B27\u1B06
479;\u1B29\u1B28\u1B27\u1B25\u1B24\u1B03
478;\u1B29\u1B28\u1B27\u1B25\u1B24\u1B02
477;\u1B29\u1B28\u1B27\u1B25\u1B24\u1B01
476;\u1B29\u1B28\u1B27\u1B25\u1B24\u1B00
475;\u1B29\u1B28\u1B27\u1B25\u1B24\u1B7C
474;\u1B29\u1B28\u1B27\u1B25\u1B24\u1B7B
473;\u1B29\u1B28\u1B27\u1B25\u1B24\u1B7A
472;\u1B29\u1B28\u1B27\u1B25\u1B04
471;\u1B29\u1B28\u1B27\u1B25\u1B03
470;\u1B29\u1B28\u1B27\u1B25\u1B02
469;\u1B29\u1B28\u1B27\u1B25\u1B01
468;\u1B29\u1B28\u1B27\u1B25\u1B00
467;\u1B29\u1B28\u1B27\u1B25\u1B7C
466;\u1B29\u1B28\u1B27\u1B25\u1B7B
465;\u1B29\u1B28\u1B27\u1B25\u1B7A
464;\u1B29\u1B28\u1B27\u1B05
463;\u1B29\u1B28\u1B27\u1B24\u1B03
462;\u1B29\u1B28\u1B27\u1B24\u1B02
461;\u1B29\u1B28\u1B27\u1B24\u1B01
460;\u1B29\u1B28\u1B27\u1B24\u1B00
459;\u1B29\u1B28\u1B27\u1B24\u1B7C
458;\u1B29\u1B28\u1B27\u1B24\u1B7B
457;\u1B29\u1B28\u1B27\u1B24\u1B7A
456;\u1B29\u1B28\u1B27\u1B04
455;\u1B29\u1B28\u1B27\u1B03
454;\u1B29\u1B28\u1B27\u1B02
453;\u1B29\u1B28\u1B27\u1B01
452;\u1B29\u1B28\u1B27\u1B00
451;\u1B29\u1B28\u1B27\u1B7C
450;\u1B29\u1B28\u1B27\u1B7B
449;\u1B29\u1B28\u1B27\u1B7A
448;\u1B29\u1B28\u1B07
447;\u1B29\u1B28\u1B26\u1B25\u1B24\u1B03
446;\u1B29\u1B28\u1B26\u1B25\u1B24\u1B02
445;\u1B29\u1B28\u1B26\u1B25\u1B24\u1B01
444;\u1B29\u1B28\u1B26\u1B25\u1B24\u1B00
443;\u1B29\u1B28\u1B26\u1B25\u1B24\u1B7C
442;\u1B29\u1B28\u1B26\u1B25\u1B24\u1B7B
441;\u1B29\u1B28\u1B26\u1B25\u1B24\u1B7A
440;\u1B29\u1B28\u1B26\u1B25\u1B04
439;\u1B29\u1B28\u1B26\u1B25\u1B03
438;\u1B29\u1B28\u1B26\u1B25\u1B02
437;\u1B29\u1B28\u1B26\u1B25\u1B01
436;\u1B29\u1B28\u1B26\u1B25\u1B00
435;\u1B29\u1B28\u1B26\u1B25\u1B7C
434;\u1B29\u1B28\u1B26\u1B25\u1B7B
433;\u1B29\u1B28\u1B26\u1B25\u1B7A
432;\u1B29\u1B28\u1B26\u1B05
431;\u1B29\u1B28\u1B26\u1B24\u1B03
430;\u1B29\u1B28\u1B26\u1B24\u1B02
429;\u1B29\u1B28\u1B26\u1B24\u1B01
428;\u1B29\u1B28\u1B26\u1B24\u1B00
427;\u1B29\u1B28\u1B26\u1B24\u1B7C
426;\u1B29\u1B28\u1B26\u1B24\u1B7B
425;\u1B29\u1B28\u1B26\u1B24\u1B7A
424;\u1B29\u1B28\u1B26\u1B04
423;\u1B29\u1B28\u1B26\u1B03
422;\u1B29\u1B28\u1B26\u1B02
421;\u1B29\u1B28\u1B26\u1B01
420;\u1B29\u1B28\u1B26\u1B00
419;\u1B29\u1B28\u1B26\u1B7C
418;\u1B29\u1B28\u1B26\u1B7B
417;\u1B29\u1B28\u1B26\u1B7A
416;\u1B29\u1B28\u1B06
415;\u1B29\u1B28\u1B25\u1B24\u1B03
414;\u1B29\u1B28\u1B25\u1B24\u1B02
413;\u1B29\u1B28\u1B25\u1B24\u1B01
412;\u1B29\u1B28\u1B25\u1B24\u1B00
411;\u1B29\u1B28\u1B25\u1B24\u1B7C
410;\u1B29\u1B28\u1B25\u1B24\u1B7B
409;\u1B29\u1B28\u1B25\u1B24\u1B7A
408;\u1B29\u1B28\u1B25\u1B04
407;\u1B29\u1B28\u1B25\u1B03
406;\u1B29\u1B28\u1B25\u1B02
405;\u1B29\u1B28\u1B25\u1B01
404;\u1B29\u1B28\u1B25\u1B00
403;\u1B29\u1B28\u1B25\u1B7C
402;\u1B29\u1B28\u1B25\u1B7B
401;\u1B29\u1B28\u1B25\u1B7A
400;\u1B29\u1B28\u1B05
399;\u1B29\u1B28\u1B24\u1B03
398;\u1B29\u1B28\u1B24\u1B02
397;\u1B29\u1B28\u1B24\u1B01
396;\u1B29\u1B28\u1B24\u1B00
395;\u1B29\u1B28\u1B24\u1B7C
394;\u1B29\u1B28\u1B24\u1B7B
393;\u1B29\u1B28\u1B24\u1B7A
392;\u1B29\u1B28\u1B04
391;\u1B29\u1B28\u1B03
390;\u1B29\u1B28\u1B02
389;\u1B29\u1B28\u1B01
388;\u1B29\u1B28\u1B00
387;\u1B29\u1B28\u1B7C
386;\u1B29\u1B28\u1B7B
385;\u1B29\u1B28\u1B7A
384;\u1B29\u1B08
383;\u1B29\u1B27\u1B26\u1B25\u1B24\u1B03
382;\u1B29\u1B27\u1B26\u1B25\u1B24\u1B02
381;\u1B29\u1B27\u1B26\u1B25\u1B24\u1B01
380;\u1B29\u1B27\u1B26\u1B25\u1B24\u1B00
379;\u1B29\u1B27\u1B26\u1B25\u1B24\u1B7C
378;\u1B29\u1B27\u1B26\u1B25\u1B24\u1B7B
377;\u1B29\u1B27\u1B26\u1B25\u1B24\u1B7A
376;\u1B29\u1B27\u1B26\u1B25\u1B04
375;\u1B29\u1B27\u1B26\u1B25\u1B03
374;\u1B29\u1B27\u1B26\u1B25\u1B02
373;\u1B29\u1B27\u1B26\u1B25\u1B01
372;\u1B29\u1B27\u1B26\u1B25\u1B00
371;\u1B29\u1B27\u1B26\u1B25\u1B7C
370;\u1B29\u1B27\u1B26\u1B25\u1B7B
369;\u1B29\u1B27\u1B26\u1B25\u1B7A
368;\u1B29\u1B27\u1B26\u1B05
367;\u1B29\u1B27\u1B26\u1B24\u1B03
366;\u1B29\u1B27\u1B26\u1B24\u1B02
365;\u1B29\u1B27\u1B26\u1B24\u1B01
364;\u1B29\u1B27\u1B26\u1B24\u1B00
363;\u1B29\u1B27\u1B26\u1B24\u1B7C
362;\u1B29\u1B27\u1B26\u1B24\u1B7B
361;\u1B29\u1B27\u1B26\u1B24\u1B7A
360;\u1B29\u1B27\u1B26\u1B04
359;\u1B29\u1B27\u1B26\u1B03
358;\u1B29\u1B27\u1B26\u1B02
357;\u1B29\u1B27\u1B26\u1B01
356;\u1B29\u1B27\u1B26\u1B00
355;\u1B29\u1B27\u1B26\u1B7C
354;\u1B29\u1B27\u1B26\u1B7B
353;\u1B29\u1B27\u1B26\u1B7A
352;\u1B29\u1B27\u1B06
351;\u1B29\u1B27\u1B25\u1B24\u1B03
350;\u1B29\u1B27\u1B25\u1B24\u1B02
349;\u1B29\u1B27\u1B25\u1B24\u1B01
348;\u1B29\u1B27\u1B25\u1B24\u1B00
347;\u1B29\u1B27\u1B25\u1B24\u1B7C
346;\u1B29\u1B27\u1B25\u1B24\u1B7B
345;\u1B29\u1B27\u1B25\u1B24\u1B7A
344;\u1B29\u1B27\u1B25\u1B04
343;\u1B29\u1B27\u1B25\u1B03
342;\u1B29\u1B27\u1B25\u1B02
341;\u1B29\u1B27\u1B25\u1B01
340;\u1B29\u1B27\u1B25\u1B00
339;\u1B29\u1B27\u1B25\u1B7C
338;\u1B29\u1B27\u1B25\u1B7B
337;\u1B29\u1B27\u1B25\u1B7A
336;\u1B29\u1B27\u1B05
335;\u1B29\u1B27\u1B24\u1B03
334;\u1B29\u1B27\u1B24\u1B02
333;\u1B29\u1B27\u1B24\u1B01
332;\u1B29\u1B27\u1B24\u1B00
331;\u1B29\u1B27\u1B24\u1B7C
330;\u1B29\u1B27\u1B24\u1B7B
329;\u1B29\u1B27\u1B24\u1B7A
328;\u1B29\u1B27\u1B04
327;\u1B29\u1B27\u1B03
326;\u1B29\u1B27\u1B02
325;\u1B29\u1B27\u1B01
324;\u1B29\u1B27\u1B00
323;\u1B29\u1B27\u1B7C
322;\u1B29\u1B27\u1B7B
321;\u1B29\u1B27\u1B7A
320;\u1B29\u1B07
319;\u1B29\u1B26\u1B25\u1B24\u1B03
318;\u1B29\u1B26\u1B25\u1B24\u1B02
317;\u1B29\u1B26\u1B25\u1B24\u1B01
316;\u1B29\u1B26\u1B25\u1B24\u1B00
315;\u1B29\u1B26\u1B25\u1B24\u1B7C
314;\u1B29\u1B26\u1B25\u1B24\u1B7B
313;\u1B29\u1B26\u1B25\u1B24\u1B7A
312;\u1B29\u1B26\u1B25\u1B04
311;\u1B29\u1B26\u1B25\u1B03
310;\u1B29\u1B26\u1B25\u1B02
309;\u1B29\u1B26\u1B25\u1B01
308;\u1B29\u1B26\u1B25\u1B00
307;\u1B29\u1B26\u1B25\u1B7C
306;\u1B29\u1B26\u1B25\u1B7B
305;\u1B29\u1B26\u1B25\u1B7A
304;\u1B29\u1B26\u1B05
303;\u1B29\u1B26\u1B24\u1B03
302;\u1B29\u1B26\u1B24\u1B02
301;\u1B29\u1B26\u1B24\u1B01
300;\u1B29\u1B26\u1B24\u1B00
299;\u1B29\u1B26\u1B24\u1B7C
298;\u1B29\u1B26\u1B24\u1B7B
297;\u1B29\u1B26\u1B24\u1B7A
296;\u1B29\u1B26\u1B04
295;\u1B29\u1B26\u1B03
294;\u1B29\u1B26\u1B02
293;\u1B29\u1B26\u1B01
292;\u1B29\u1B26\u1B00
291;\u1B29\u1B26\u1B7C
290;\u1B29\u1B26\u1B7B
289;\u1B29\u1B26\u1B7A
288;\u1B29\u1B06
287;\u1B29\u1B25\u1B24\u1B03
286;\u1B29\u1B25\u1B24\u1B02
285;\u1B29\u1B25\u1B24\u1B01
284;\u1B29\u1B25\u1B24\u1B00
283;\u1B29\u1B25\u1B24\u1B7C
282;\u1B29\u1B25\u1B24\u1B7B
281;\u1B29\u1B25\u1B24\u1B7A
280;\u1B29\u1B25\u1B04
279;\u1B29\u1B25\u1B03
278;\u1B29\u1B25\u1B02
277;\u1B29\u1B25\u1B01
276;\u1B29\u1B25\u1B00
275;\u1B29\u1B25\u1B7C
274;\u1B29\u1B25\u1B7B
273;\u1B29\u1B25\u1B7A
272;\u1B29\u1B05
271;\u1B29\u1B24\u1B03
270;\u1B29\u1B24\u1B02
269;\u1B29\u1B24\u1B01
268;\u1B29\u1B24\u1B00
267;\u1B29\u1B24\u1B7C
266;\u1B29\u1B24\u1B7B
265;\u1B29\u1B24\u1B7A
264;\u1B29\u1B04
263;\u1B29\u1B03
262;\u1B29\u1B02
261;\u1B29\u1B01
260;\u1B29\u1B00
259;\u1B29\u1B7C
258;\u1B29\u1B7B
257;\u1B29\u1B7A
256;\u1B09
255;\u1B28\u1B27\u1B26\u1B25\u1B24\u1B03
254;\u1B28\u1B27\u1B26\u1B25\u1B24\u1B02
253;\u1B28\u1B27\u1B26\u1B25\u1B24\u1B01
252;\u1B28\u1B27\u1B26\u1B25\u1B24\u1B00
251;\u1B28\u1B27\u1B26\u1B25\u1B24\u1B7C
250;\u1B28\u1B27\u1B26\u1B25\u1B24\u1B7B
249;\u1B28\u1B27\u1B26\u1B25\u1B24\u1B7A
248;\u1B28\u1B27\u1B26\u1B25\u1B04
247;\u1B28\u1B27\u1B26\u1B25\u1B03
246;\u1B28\u1B27\u1B26\u1B25\u1B02
245;\u1B28\u1B27\u1B26\u1B25\u1B01
244;\u1B28\u1B27\u1B26\u1B25\u1B00
243;\u1B28\u1B27\u1B26\u1B25\u1B7C
242;\u1B28\u1B27\u1B26\u1B25\u1B7B
241;\u1B28\u1B27\u1B26\u1B25\u1B7A
240;\u1B28\u1B27\u1B26\u1B05
239;\u1B28\u1B27\u1B26\u1B24\u1B03
238;\u1B28\u1B27\u1B26\u1B24\u1B02
237;\u1B28\u1B27\u1B26\u1B24\u1B01
236;\u1B28\u1B27\u1B26\u1B24\u1B00
235;\u1B28\u1B27\u1B26\u1B24\u1B7C
234;\u1B28\u1B27\u1B26\u1B24\u1B7B
233;\u1B28\u1B27\u1B26\u1B24\u1B7A
232;\u1B28\u1B27\u1B26\u1B04
231;\u1B28\u1B27\u1B26\u1B03
230;\u1B28\u1B27\u1B26\u1B02
229;\u1B28\u1B27\u1B26\u1B01
228;\u1B28\u1B27\u1B26\u1B00
227;\u1B28\u1B27\u1B26\u1B7C
226;\u1B28\u1B27\u1B26\u1B7B
225;\u1B28\u1B27\u1B26\u1B7A
224;\u1B28\u1B27\u1B06
223;\u1B28\u1B27\u1B25\u1B24\u1B03
222;\u1B28\u1B27\u1B25\u1B24\u1B02
221;\u1B28\u1B27\u1B25\u1B24\u1B01
220;\u1B28\u1B27\u1B25\u1B24\u1B00
219;\u1B28\u1B27\u1B25\u1B24\u1B7C
218;\u1B28\u1B27\u1B25\u1B24\u1B7B
217;\u1B28\u1B27\u1B25\u1B24\u1B7A
216;\u1B28\u1B27\u1B25\u1B04
215;\u1B28\u1B27\u1B25\u1B03
214;\u1B28\u1B27\u1B25\u1B02
213;\u1B28\u1B27\u1B25\u1B01
212;\u1B28\u1B27\u1B25\u1B00
211;\u1B28\u1B27\u1B25\u1B7C
210;\u1B28\u1B27\u1B25\u1B7B
209;\u1B28\u1B27\u1B25\u1B7A
208;\u1B28\u1B27\u1B05
207;\u1B28\u1B27\u1B24\u1B03
206;\u1B28\u1B27\u1B24\u1B02
205;\u1B28\u1B27\u1B24\u1B01
204;\u1B28\u1B27\u1B24\u1B00
203;\u1B28\u1B27\u1B24\u1B7C
202;\u1B28\u1B27\u1B24\u1B7B
201;\u1B28\u1B27\u1B24\u1B7A
200;\u1B28\u1B27\u1B04
199;\u1B28\u1B27\u1B03
198;\u1B28\u1B27\u1B02
197;\u1B28\u1B27\u1B01
196;\u1B28\u1B27\u1B00
195;\u1B28\u1B27\u1B7C
194;\u1B28\u1B27\u1B7B
193;\u1B28\u1B27\u1B7A
192;\u1B28\u1B07
191;\u1B28\u1B26\u1B25\u1B24\u1B03
190;\u1B28\u1B26\u1B25\u1B24\u1B02
189;\u1B28\u1B26\u1B25\u1B24\u1B01
188;\u1B28\u1B26\u1B25\u1B24\u1B00
187;\u1B28\u1B26\u1B25\u1B24\u1B7C
186;\u1B28\u1B26\u1B25\u1B24\u1B7B
185;\u1B28\u1B26\u1B25\u1B24\u1B7A
184;\u1B28\u1B26\u1B25\u1B04
183;\u1B28\u1B26\u1B25\u1B03
182;\u1B28\u1B26\u1B25\u1B02
181;\u1B28\u1B26\u1B25\u1B01
180;\u1B28\u1B26\u1B25\u1B00
179;\u1B28\u1B26\u1B25\u1B7C
178;\u1B28\u1B26\u1B25\u1B7B
177;\u1B28\u1B26\u1B25\u1B7A
176;\u1B28\u1B26\u1B05
175;\u1B28\u1B26\u1B24\u1B03
174;\u1B28\u1B26\u1B24\u1B02
173;\u1B28\u1B26\u1B24\u1B01
172;\u1B28\u1B26\u1B24\u1B00
171;\u1B28\u1B26\u1B24\u1B7C
170;\u1B28\u1B26\u1B24\u1B7B
169;\u1B28\u1B26\u1B24\u1B7A
168;\u1B28\u1B26\u1B04
167;\u1B28\u1B26\u1B03
166;\u1B28\u1B26\u1B02
165;\u1B28\u1B26\u1B01
164;\u1B28\u1B26\u1B00
163;\u1B28\u1B26\u1B7C
162;\u1B28\u1B26\u1B7B
161;\u1B28\u1B26\u1B7A
160;\u1B28\u1B06
159;\u1B28\u1B25\u1B24\u1B03
158;\u1B28\u1B25\u1B24\u1B02
157;\u1B28\u1B25\u1B24\u1B01
156;\u1B28\u1B25\u1B24\u1B00
155;\u1B28\u1B25\u1B24\u1B7C
154;\u1B28\u1B25\u1B24\u1B7B
153;\u1B28\u1B25\u1B24\u1B7A
152;\u1B28\u1B25\u1B04
151;\u1B28\u1B25\u1B03
150;\u1B28\u1B25\u1B02
149;\u1B28\u1B25\u1B01
148;\u1B28\u1B25\u1B00
147;\u1B28\u1B25\u1B7C
146;\u1B28\u1B25\u1B7B
145;\u1B28\u1B25\u1B7A
144;\u1B28\u1B05
143;\u1B28\u1B24\u1B03
142;\u1B28\u1B24\u1B02
141;\u1B28\u1B24\u1B01
140;\u1B28\u1B24\u1B00
139;\u1B28\u1B24\u1B7C
138;\u1B28\u1B24\u1B7B
137;\u1B28\u1B24\u1B7A
136;\u1B28\u1B04
135;\u1B28\u1B03
134;\u1B28\u1B02
133;\u1B28\u1B01
132;\u1B28\u1B00
131;\u1B28\u1B7C
130;\u1B28\u1B7B
129;\u1B28\u1B7A
128;\u1B08
127;\u1B27\u1B26\u1B25\u1B24\u1B03
126;\u1B27\u1B26\u1B25\u1B24\u1B02
125;\u1B27\u1B26\u1B25\u1B24\u1B01
124;\u1B27\u1B26\u1B25\u1B24\u1B00
123;\u1B27\u1B26\u1B25\u1B24\u1B7C
122;\u1B27\u1B26\u1B25\u1B24\u1B7B
121;\u1B27\u1B26\u1B25\u1B24\u1B7A
120;\u1B27\u1B26\u1B25\u1B04
119;\u1B27\u1B26\u1B25\u1B03
118;\u1B27\u1B26\u1B25\u1B02
117;\u1B27\u1B26\u1B25\u1B01
116;\u1B27\u1B26\u1B25\u1B00
115;\u1B27\u1B26\u1B25\u1B7C
114;\u1B27\u1B26\u1B25\u1B7B
113;\u1B27\u1B26\u1B25\u1B7A
112;\u1B27\u1B26\u1B05
111;\u1B27\u1B26\u1B24\u1B03
110;\u1B27\u1B26\u1B24\u1B02
109;\u1B27\u1B26\u1B24\u1B01
108;\u1B27\u1B26\u1B24\u1B00
107;\u1B27\u1B26\u1B24\u1B7C
106;\u1B27\u1B26\u1B24\u1B7B
105;\u1B27\u1B26\u1B24\u1B7A
104;\u1B27\u1B26\u1B04
103;\u1B27\u1B26\u1B03
102;\u1B27\u1B26\u1B02
101;\u1B27\u1B26\u1B01
100;\u1B27\u1B26\u1B00
99;\u1B27\u1B26\u1B7C
98;\u1B27\u1B26\u1B7B
97;\u1B27\u1B26\u1B7A
96;\u1B27\u1B06
95;\u1B27\u1B25\u1B24\u1B03
94;\u1B27\u1B25\u1B24\u1B02
93;\u1B27\u1B25\u1B24\u1B01
92;\u1B27\u1B25\u1B24\u1B00
91;\u1B27\u1B25\u1B24\u1B7C
90;\u1B27\u1B25\u1B24\u1B7B
89;\u1B27\u1B25\u1B24\u1B7A
88;\u1B27\u1B25\u1B04
87;\u1B27\u1B25\u1B03
86;\u1B27\u1B25\u1B02
85;\u1B27\u1B25\u1B01
84;\u1B27\u1B25\u1B00
83;\u1B27\u1B25\u1B7C
82;\u1B27\u1B25\u1B7B
81;\u1B27\u1B25\u1B7A
80;\u1B27\u1B05
79;\u1B27\u1B24\u1B03
78;\u1B27\u1B24\u1B02
77;\u1B27\u1B24\u1B01
76;\u1B27\u1B24\u1B00
75;\u1B27\u1B24\u1B7C
74;\u1B27\u1B24\u1B7B
73;\u1B27\u1B24\u1B7A
72;\u1B27\u1B04
71;\u1B27\u1B03
70;\u1B27\u1B02
69;\u1B27\u1B01
68;\u1B27\u1B00
67;\u1B27\u1B7C
66;\u1B27\u1B7B
65;\u1B27\u1B7A
64;\u1B07
63;\u1B26\u1B25\u1B24\u1B03
62;\u1B26\u1B25\u1B24\u1B02
61;\u1B26\u1B25\u1B24\u1B01
60;\u1B26\u1B25\u1B24\u1B00
59;\u1B26\u1B25\u1B24\u1B7C
58;\u1B26\u1B25\u1B24\u1B7B
57;\u1B26\u1B25\u1B24\u1B7A
56;\u1B26\u1B25\u1B04
55;\u1B26\u1B25\u1B03
54;\u1B26\u1B25\u1B02
53;\u1B26\u1B25\u1B01
52;\u1B26\u1B25\u1B00
51;\u1B26\u1B25\u1B7C
50;\u1B26\u1B25\u1B7B
49;\u1B26\u1B25\u1B7A
48;\u1B26\u1B05
47;\u1B26\u1B24\u1B03
46;\u1B26\u1B24\u1B02
45;\u1B26\u1B24\u1B01
44;\u1B26\u1B24\u1B00
43;\u1B26\u1B24\u1B7C
42;\u1B26\u1B24\u1B7B
41;\u1B26\u1B24\u1B7A
40;\u1B26\u1B04
39;\u1B26\u1B03
38;\u1B26\u1B02
37;\u1B26\u1B01
36;\u1B26\u1B00
35;\u1B26\u1B7C
34;\u1B26\u1B7B
33;\u1B26\u1B7A
32;\u1B06
31;\u1B25\u1B24\u1B03
30;\u1B25\u1B24\u1B02
29;\u1B25\u1B24\u1B01
28;\u1B25\u1B24\u1B00
27;\u1B25\u1B24\u1B7C
26;\u1B25\u1B24\u1B7B
25;\u1B25\u1B24\u1B7A
24;\u1B25\u1B04
23;\u1B25\u1B03
22;\u1B25\u1B02
21;\u1B25\u1B01
20;\u1B25\u1B00
19;\u1B25\u1B7C
18;\u1B25\u1B7B
17;\u1B25\u1B7A
16;\u1B05
15;\u1B24\u1B03
14;\u1B24\u1B02
13;\u1B24\u1B01
12;\u1B24\u1B00
11;\u1B24\u1B7C
10;\u1B24\u1B7B
9;\u1B24\u1B7A
8;\u1B04
7;\u1B03
6;\u1B02
5;\u1B01
4;\u1B00
3;\u1B7C
2;\u1B7B
1;\u1B7A
-1;\u1B61
-2;\u1B62
-3;\u1B63
-4;\u1B64
-5;\u1B65
-6;\u1B66
-7;\u1B67
-8;\u1B68
-9;\u1B14\u1B61
-10;\u1B14\u1B62
-11;\u1B14\u1B63
-12;\u1B14\u1B64
-13;\u1B14\u1B65
-14;\u1B14\u1B66
-15;\u1B14\u1B67
-16;\u1B69
-17;\u1B15\u1B61
-18;\u1B15\u1B62
-19;\u1B15\u1B63
-20;\u1B15\u1B64
-21;\u1B15\u1B65
-22;\u1B15\u1B66
-23;\u1B15\u1B67
-24;\u1B15\u1B68
-25;\u1B15\u1B14\u1B61
-26;\u1B15\u1B14\u1B62
-27;\u1B15\u1B14\u1B63
-28;\u1B15\u1B14\u1B64
-29;\u1B15\u1B14\u1B65
-30;\u1B15\u1B14\u1B66
-31;\u1B15\u1B14\u1B67
-32;\u1B6A
-33;\u1B17\u1B61
-34;\u1B17\u1B62
-35;\u1B17\u1B63
-36;\u1B17\u1B64
-37;\u1B17\u1B65
-38;\u1B17\u1B66
-39;\u1B17\u1B67
-40;\u1B17\u1B68
-41;\u1B17\u1B14\u1B61
-42;\u1B17\u1B14\u1B62
-43;\u1B17\u1B14\u1B63
-44;\u1B17\u1B14\u1B64
-45;\u1B17\u1B14\u1B65
-46;\u1B17\u1B14\u1B66
-47;\u1B17\u1B14\u1B67
-48;\u1B17\u1B69
-49;\u1B17\u1B15\u1B61
-50;\u1B17\u1B15\u1B62
-51;\u1B17\u1B15\u1B63
-52;\u1B17\u1B15\u1B64
-53;\u1B17\u1B15\u1B65
-54;\u1B17\u1B15\u1B66
-55;\u1B17\u1B15\u1B67
-56;\u1B17\u1B15\u1B68
-57;\u1B17\u1B15\u1B14\u1B61
-58;\u1B17\u1B15\u1B14\u1B62
-59;\u1B17\u1B15\u1B14\u1B63
-60;\u1B17\u1B15\u1B14\u1B64
-61;\u1B17\u1B15\u1B14\u1B65
-62;\u1B17\u1B15\u1B14\u1B66
-63;\u1B17\u1B15\u1B14\u1B67
-64;\u1B74
-65;\u1B16\u1B61
-66;\u1B16\u1B62
-67;\u1B16\u1B63
-68;\u1B16\u1B64
-69;\u1B16\u1B65
-70;\u1B16\u1B66
-71;\u1B16\u1B67
-72;\u1B16\u1B68
-73;\u1B16\u1B14\u1B61
-74;\u1B16\u1B14\u1B62
-75;\u1B16\u1B14\u1B63
-76;\u1B16\u1B14\u1B64
-77;\u1B16\u1B14\u1B65
-78;\u1B16\u1B14\u1B66
-79;\u1B16\u1B14\u1B67
-80;\u1B16\u1B69
-81;\u1B16\u1B15\u1B61
-82;\u1B16\u1B15\u1B62
-83;\u1B16\u1B15\u1B63
-84;\u1B16\u1B15\u1B64
-85;\u1B16\u1B15\u1B65
-86;\u1B16\u1B15\u1B66
-87;\u1B16\u1B15\u1B67
-88;\u1B16\u1B15\u1B68
-89;\u1B16\u1B15\u1B14\u1B61
-90;\u1B16\u1B15\u1B14\u1B62
-91;\u1B16\u1B15\u1B14\u1B63
-92;\u1B16\u1B15\u1B14\u1B64
-93;\u1B16\u1B15\u1B14\u1B65
-94;\u1B16\u1B15\u1B14\u1B66
-95;\u1B16\u1B15\u1B14\u1B67
-96;\u1B16\u1B6A
-97;\u1B16\u1B17\u1B61
-98;\u1B16\u1B17\u1B62
-99;\u1B16\u1B17\u1B63
-100;\u1B16\u1B17\u1B64
-101;\u1B16\u1B17\u1B65
-102;\u1B16\u1B17\u1B66
-103;\u1B16\u1B17\u1B67
-104;\u1B16\u1B17\u1B68
-105;\u1B16\u1B17\u1B14\u1B61
-106;\u1B16\u1B17\u1B14\u1B62
-107;\u1B16\u1B17\u1B14\u1B63
-108;\u1B16\u1B17\u1B14\u1B64
-109;\u1B16\u1B17\u1B14\u1B65
-110;\u1B16\u1B17\u1B14\u1B66
-111;\u1B16\u1B17\u1B14\u1B67
-112;\u1B16\u1B17\u1B69
-113;\u1B16\u1B17\u1B15\u1B61
-114;\u1B16\u1B17\u1B15\u1B62
-115;\u1B16\u1B17\u1B15\u1B63
-116;\u1B16\u1B17\u1B15\u1B64
-117;\u1B16\u1B17\u1B15\u1B65
-118;\u1B16\u1B17\u1B15\u1B66
-119;\u1B16\u1B17\u1B15\u1B67
-120;\u1B16\u1B17\u1B15\u1B68
-121;\u1B16\u1B17\u1B15\u1B14\u1B61
-122;\u1B16\u1B17\u1B15\u1B14\u1B62
-123;\u1B16\u1B17\u1B15\u1B14\u1B63
-124;\u1B16\u1B17\u1B15\u1B14\u1B64
-125;\u1B16\u1B17\u1B15\u1B14\u1B65
-126;\u1B16\u1B17\u1B15\u1B14\u1B66
-127;\u1B16\u1B17\u1B15\u1B14\u1B67
-128;\u1B75
-129;\u1B18\u1B61
-130;\u1B18\u1B62
-131;\u1B18\u1B63
-132;\u1B18\u1B64
-133;\u1B18\u1B65
-134;\u1B18\u1B66
-135;\u1B18\u1B67
-136;\u1B18\u1B68
-137;\u1B18\u1B14\u1B61
-138;\u1B18\u1B14\u1B62
-139;\u1B18\u1B14\u1B63
-140;\u1B18\u1B14\u1B64
-141;\u1B18\u1B14\u1B65
-142;\u1B18\u1B14\u1B66
-143;\u1B18\u1B14\u1B67
-144;\u1B18\u1B69
-145;\u1B18\u1B15\u1B61
-146;\u1B18\u1B15\u1B62
-147;\u1B18\u1B15\u1B63
-148;\u1B18\u1B15\u1B64
-149;\u1B18\u1B15\u1B65
-150;\u1B18\u1B15\u1B66
-151;\u1B18\u1B15\u1B67
-152;\u1B18\u1B15\u1B68
-153;\u1B18\u1B15\u1B14\u1B61
-154;\u1B18\u1B15\u1B14\u1B62
-155;\u1B18\u1B15\u1B14\u1B63
-156;\u1B18\u1B15\u1B14\u1B64
-157;\u1B18\u1B15\u1B14\u1B65
-158;\u1B18\u1B15\u1B14\u1B66
-159;\u1B18\u1B15\u1B14\u1B67
-160;\u1B18\u1B6A
-161;\u1B18\u1B17\u1B61
-162;\u1B18\u1B17\u1B62
-163;\u1B18\u1B17\u1B63
-164;\u1B18\u1B17\u1B64
-165;\u1B18\u1B17\u1B65
-166;\u1B18\u1B17\u1B66
-167;\u1B18\u1B17\u1B67
-168;\u1B18\u1B17\u1B68
-169;\u1B18\u1B17\u1B14\u1B61
-170;\u1B18\u1B17\u1B14\u1B62
-171;\u1B18\u1B17\u1B14\u1B63
-172;\u1B18\u1B17\u1B14\u1B64
-173;\u1B18\u1B17\u1B14\u1B65
-174;\u1B18\u1B17\u1B14\u1B66
-175;\u1B18\u1B17\u1B14\u1B67
-176;\u1B18\u1B17\u1B69
-177;\u1B18\u1B17\u1B15\u1B61
-178;\u1B18\u1B17\u1B15\u1B62
-179;\u1B18\u1B17\u1B15\u1B63
-180;\u1B18\u1B17\u1B15\u1B64
-181;\u1B18\u1B17\u1B15\u1B65
-182;\u1B18\u1B17\u1B15\u1B66
-183;\u1B18\u1B17\u1B15\u1B67
-184;\u1B18\u1B17\u1B15\u1B68
-185;\u1B18\u1B17\u1B15\u1B14\u1B61
-186;\u1B18\u1B17\u1B15\u1B14\u1B62
-187;\u1B18\u1B17\u1B15\u1B14\u1B63
-188;\u1B18\u1B17\u1B15\u1B14\u1B64
-189;\u1B18\u1B17\u1B15\u1B14\u1B65
-190;\u1B18\u1B17\u1B15\u1B14\u1B66
-191;\u1B18\u1B17\u1B15\u1B14\u1B67
-192;\u1B18\u1B74
-193;\u1B18\u1B16\u1B61
-194;\u1B18\u1B16\u1B62
-195;\u1B18\u1B16\u1B63
-196;\u1B18\u1B16\u1B64
-197;\u1B18\u1B16\u1B65
-198;\u1B18\u1B16\u1B66
-199;\u1B18\u1B16\u1B67
-200;\u1B18\u1B16\u1B68
-201;\u1B18\u1B16\u1B14\u1B61
-202;\u1B18\u1B16\u1B14\u1B62
-203;\u1B18\u1B16\u1B14\u1B63
-204;\u1B18\u1B16\u1B14\u1B64
-205;\u1B18\u1B16\u1B14\u1B65
-206;\u1B18\u1B16\u1B14\u1B66
-207;\u1B18\u1B16\u1B14\u1B67
-208;\u1B18\u1B16\u1B69
-209;\u1B18\u1B16\u1B15\u1B61
-210;\u1B18\u1B16\u1B15\u1B62
-211;\u1B18\u1B16\u1B15\u1B63
-212;\u1B18\u1B16\u1B15\u1B64
-213;\u1B18\u1B16\u1B15\u1B65
-214;\u1B18\u1B16\u1B15\u1B66
-215;\u1B18\u1B16\u1B15\u1B67
-216;\u1B18\u1B16\u1B15\u1B68
-217;\u1B18\u1B16\u1B15\u1B14\u1B61
-218;\u1B18\u1B16\u1B15\u1B14\u1B62
-219;\u1B18\u1B16\u1B15\u1B14\u1B63
-220;\u1B18\u1B16\u1B15\u1B14\u1B64
-221;\u1B18\u1B16\u1B15\u1B14\u1B65
-222;\u1B18\u1B16\u1B15\u1B14\u1B66
-223;\u1B18\u1B16\u1B15\u1B14\u1B67
-224;\u1B18\u1B16\u1B6A
-225;\u1B18\u1B16\u1B17\u1B61
-226;\u1B18\u1B16\u1B17\u1B62
-227;\u1B18\u1B16\u1B17\u1B63
-228;\u1B18\u1B16\u1B17\u1B64
-229;\u1B18\u1B16\u1B17\u1B65
-230;\u1B18\u1B16\u1B17\u1B66
-231;\u1B18\u1B16\u1B17\u1B67
-232;\u1B18\u1B16\u1B17\u1B68
-233;\u1B18\u1B16\u1B17\u1B14\u1B61
-234;\u1B18\u1B16\u1B17\u1B14\u1B62
-235;\u1B18\u1B16\u1B17\u1B14\u1B63
-236;\u1B18\u1B16\u1B17\u1B14\u1B64
-237;\u1B18\u1B16\u1B17\u1B14\u1B65
-238;\u1B18\u1B16\u1B17\u1B14\u1B66
-239;\u1B18\u1B16\u1B17\u1B14\u1B67
-240;\u1B18\u1B16\u1B17\u1B69
-241;\u1B18\u1B16\u1B17\u1B15\u1B61
-242;\u1B18\u1B16\u1B17\u1B15\u1B62
-243;\u1B18\u1B16\u1B17\u1B15\u1B63
-244;\u1B18\u1B16\u1B17\u1B15\u1B64
-245;\u1B18\u1B16\u1B17\u1B15\u1B65
-246;\u1B18\u1B16\u1B17\u1B15\u1B66
-247;\u1B18\u1B16\u1B17\u1B15\u1B67
-248;\u1B18\u1B16\u1B17\u1B15\u1B68
-249;\u1B18\u1B16\u1B17\u1B15\u1B14\u1B61
-250;\u1B18\u1B16\u1B17\u1B15\u1B14\u1B62
-251;\u1B18\u1B16\u1B17\u1B15\u1B14\u1B63
-252;\u1B18\u1B16\u1B17\u1B15\u1B14\u1B64
-253;\u1B18\u1B16\u1B17\u1B15\u1B14\u1B65
-254;\u1B18\u1B16\u1B17\u1B15\u1B14\u1B66
-255;\u1B18\u1B16\u1B17\u1B15\u1B14\u1B67
-256;\u1B76
-257;\u1B19\u1B61
-258;\u1B19\u1B62
-259;\u1B19\u1B63
-260;\u1B19\u1B64
-261;\u1B19\u1B65
-262;\u1B19\u1B66
-263;\u1B19\u1B67
-264;\u1B19\u1B68
-265;\u1B19\u1B14\u1B61
-266;\u1B19\u1B14\u1B62
-267;\u1B19\u1B14\u1B63
-268;\u1B19\u1B14\u1B64
-269;\u1B19\u1B14\u1B65
-270;\u1B19\u1B14\u1B66
-271;\u1B19\u1B14\u1B67
-272;\u1B19\u1B69
-273;\u1B19\u1B15\u1B61
-274;\u1B19\u1B15\u1B62
-275;\u1B19\u1B15\u1B63
-276;\u1B19\u1B15\u1B64
-277;\u1B19\u1B15\u1B65
-278;\u1B19\u1B15\u1B66
-279;\u1B19\u1B15\u1B67
-280;\u1B19\u1B15\u1B68
-281;\u1B19\u1B15\u1B14\u1B61
-282;\u1B19\u1B15\u1B14\u1B62
-283;\u1B19\u1B15\u1B14\u1B63
-284;\u1B19\u1B15\u1B14\u1B64
-285;\u1B19\u1B15\u1B14\u1B65
-286;\u1B19\u1B15\u1B14\u1B66
-287;\u1B19\u1B15\u1B14\u1B67
-288;\u1B19\u1B6A
-289;\u1B19\u1B17\u1B61
-290;\u1B19\u1B17\u1B62
-291;\u1B19\u1B17\u1B63
-292;\u1B19\u1B17\u1B64
-293;\u1B19\u1B17\u1B65
-294;\u1B19\u1B17\u1B66
-295;\u1B19\u1B17\u1B67
-296;\u1B19\u1B17\u1B68
-297;\u1B19\u1B17\u1B14\u1B61
-298;\u1B19\u1B17\u1B14\u1B62
-299;\u1B19\u1B17\u1B14\u1B63
-300;\u1B19\u1B17\u1B14\u1B64
-301;\u1B19\u1B17\u1B14\u1B65
-302;\u1B19\u1B17\u1B14\u1B66
-303;\u1B19\u1B17\u1B14\u1B67
-304;\u1B19\u1B17\u1B69
-305;\u1B19\u1B17\u1B15\u1B61
-306;\u1B19\u1B17\u1B15\u1B62
-307;\u1B19\u1B17\u1B15\u1B63
-308;\u1B19\u1B17\u1B15\u1B64
-309;\u1B19\u1B17\u1B15\u1B65
-310;\u1B19\u1B17\u1B15\u1B66
-311;\u1B19\u1B17\u1B15\u1B67
-312;\u1B19\u1B17\u1B15\u1B68
-313;\u1B19\u1B17\u1B15\u1B14\u1B61
-314;\u1B19\u1B17\u1B15\u1B14\u1B62
-315;\u1B19\u1B17\u1B15\u1B14\u1B63
-316;\u1B19\u1B17\u1B15\u1B14\u1B64
-317;\u1B19\u1B17\u1B15\u1B14\u1B65
-318;\u1B19\u1B17\u1B15\u1B14\u1B66
-319;\u1B19\u1B17\u1B15\u1B14\u1B67
-320;\u1B19\u1B74
-321;\u1B19\u1B16\u1B61
-322;\u1B19\u1B16\u1B62
-323;\u1B19\u1B16\u1B63
-324;\u1B19\u1B16\u1B64
-325;\u1B19\u1B16\u1B65
-326;\u1B19\u1B16\u1B66
-327;\u1B19\u1B16\u1B67
-328;\u1B19\u1B16\u1B68
-329;\u1B19\u1B16\u1B14\u1B61
-330;\u1B19\u1B16\u1B14\u1B62
-331;\u1B19\u1B16\u1B14\u1B63
-332;\u1B19\u1B16\u1B14\u1B64
-333;\u1B19\u1B16\u1B14\u1B65
-334;\u1B19\u1B16\u1B14\u1B66
-335;\u1B19\u1B16\u1B14\u1B67
-336;\u1B19\u1B16\u1B69
-337;\u1B19\u1B16\u1B15\u1B61
-338;\u1B19\u1B16\u1B15\u1B62
-339;\u1B19\u1B16\u1B15\u1B63
-340;\u1B19\u1B16\u1B15\u1B64
-341;\u1B19\u1B16\u1B15\u1B65
-342;\u1B19\u1B16\u1B15\u1B66
-343;\u1B19\u1B16\u1B15\u1B67
-344;\u1B19\u1B16\u1B15\u1B68
-345;\u1B19\u1B16\u1B15\u1B14\u1B61
-346;\u1B19\u1B16\u1B15\u1B14\u1B62
-347;\u1B19\u1B16\u1B15\u1B14\u1B63
-348;\u1B19\u1B16\u1B15\u1B14\u1B64
-349;\u1B19\u1B16\u1B15\u1B14\u1B65
-350;\u1B19\u1B16\u1B15\u1B14\u1B66
-351;\u1B19\u1B16\u1B15\u1B14\u1B67
-352;\u1B19\u1B16\u1B6A
-353;\u1B19\u1B16\u1B17\u1B61
-354;\u1B19\u1B16\u1B17\u1B62
-355;\u1B19\u1B16\u1B17\u1B63
-356;\u1B19\u1B16\u1B17\u1B64
-357;\u1B19\u1B16\u1B17\u1B65
-358;\u1B19\u1B16\u1B17\u1B66
-359;\u1B19\u1B16\u1B17\u1B67
-360;\u1B19\u1B16\u1B17\u1B68
-361;\u1B19\u1B16\u1B17\u1B14\u1B61
-362;\u1B19\u1B16\u1B17\u1B14\u1B62
-363;\u1B19\u1B16\u1B17\u1B14\u1B63
-364;\u1B19\u1B16\u1B17\u1B14\u1B64
-365;\u1B19\u1B16\u1B17\u1B14\u1B65
-366;\u1B19\u1B16\u1B17\u1B14\u1B66
-367;\u1B19\u1B16\u1B17\u1B14\u1B67
-368;\u1B19\u1B16\u1B17\u1B69
-369;\u1B19\u1B16\u1B17\u1B15\u1B61
-370;\u1B19\u1B16\u1B17\u1B15\u1B62
-371;\u1B19\u1B16\u1B17\u1B15\u1B63
-372;\u1B19\u1B16\u1B17\u1B15\u1B64
-373;\u1B19\u1B16\u1B17\u1B15\u1B65
-374;\u1B19\u1B16\u1B17\u1B15\u1B66
-375;\u1B19\u1B16\u1B17\u1B15\u1B67
-376;\u1B19\u1B16\u1B17\u1B15\u1B68
-377;\u1B19\u1B16\u1B17\u1B15\u1B14\u1B61
-378;\u1B19\u1B16\u1B17\u1B15\u1B14\u1B62
-379;\u1B19\u1B16\u1B17\u1B15\u1B14\u1B63
-380;\u1B19\u1B16\u1B17\u1B15\u1B14\u1B64
-381;\u1B19\u1B16\u1B17\u1B15\u1B14\u1B65
-382;\u1B19\u1B16\u1B17\u1B15\u1B14\u1B66
-383;\u1B19\u1B16\u1B17\u1B15\u1B14\u1B67
-384;\u1B19\u1B75
-385;\u1B19\u1B18\u1B61
-386;\u1B19\u1B18\u1B62
-387;\u1B19\u1B18\u1B63
-388;\u1B19\u1B18\u1B64
-389;\u1B19\u1B18\u1B65
-390;\u1B19\u1B18\u1B66
-391;\u1B19\u1B18\u1B67
-392;\u1B19\u1B18\u1B68
-393;\u1B19\u1B18\u1B14\u1B61
-394;\u1B19\u1B18\u1B14\u1B62
-395;\u1B19\u1B18\u1B14\u1B63
-396;\u1B19\u1B18\u1B14\u1B64
-397;\u1B19\u1B18\u1B14\u1B65
-398;\u1B19\u1B18\u1B14\u1B66
-399;\u1B19\u1B18\u1B14\u1B67
-400;\u1B19\u1B18\u1B69
-401;\u1B19\u1B18\u1B15\u1B61
-402;\u1B19\u1B18\u1B15\u1B62
-403;\u1B19\u1B18\u1B15\u1B63
-404;\u1B19\u1B18\u1B15\u1B64
-405;\u1B19\u1B18\u1B15\u1B65
-406;\u1B19\u1B18\u1B15\u1B66
-407;\u1B19\u1B18\u1B15\u1B67
-408;\u1B19\u1B18\u1B15\u1B68
-409;\u1B19\u1B18\u1B15\u1B14\u1B61
-410;\u1B19\u1B18\u1B15\u1B14\u1B62
-411;\u1B19\u1B18\u1B15\u1B14\u1B63
-412;\u1B19\u1B18\u1B15\u1B14\u1B64
-413;\u1B19\u1B18\u1B15\u1B14\u1B65
-414;\u1B19\u1B18\u1B15\u1B14\u1B66
-415;\u1B19\u1B18\u1B15\u1B14\u1B67
-416;\u1B19\u1B18\u1B6A
-417;\u1B19\u1B18\u1B17\u1B61
-418;\u1B19\u1B18\u1B17\u1B62
-419;\u1B19\u1B18\u1B17\u1B63
-420;\u1B19\u1B18\u1B17\u1B64
-421;\u1B19\u1B18\u1B17\u1B65
-422;\u1B19\u1B18\u1B17\u1B66
-423;\u1B19\u1B18\u1B17\u1B67
-424;\u1B19\u1B18\u1B17\u1B68
-425;\u1B19\u1B18\u1B17\u1B14\u1B61
-426;\u1B19\u1B18\u1B17\u1B14\u1B62
-427;\u1B19\u1B18\u1B17\u1B14\u1B63
-428;\u1B19\u1B18\u1B17\u1B14\u1B64
-429;\u1B19\u1B18\u1B17\u1B14\u1B65
-430;\u1B19\u1B18\u1B17\u1B14\u1B66
-431;\u1B19\u1B18\u1B17\u1B14\u1B67
-432;\u1B19\u1B18\u1B17\u1B69
-433;\u1B19\u1B18\u1B17\u1B15\u1B61
-434;\u1B19\u1B18\u1B17\u1B15\u1B62
-435;\u1B19\u1B18\u1B17\u1B15\u1B63
-436;\u1B19\u1B18\u1B17\u1B15\u1B64
-437;\u1B19\u1B18\u1B17\u1B15\u1B65
-438;\u1B19\u1B18\u1B17\u1B15\u1B66
-439;\u1B19\u1B18\u1B17\u1B15\u1B67
-440;\u1B19\u1B18\u1B17\u1B15\u1B68
-441;\u1B19\u1B18\u1B17\u1B15\u1B14\u1B61
-442;\u1B19\u1B18\u1B17\u1B15\u1B14\u1B62
-443;\u1B19\u1B18\u1B17\u1B15\u1B14\u1B63
-444;\u1B19\u1B18\u1B17\u1B15\u1B14\u1B64
-445;\u1B19\u1B18\u1B17\u1B15\u1B14\u1B65
-446;\u1B19\u1B18\u1B17\u1B15\u1B14\u1B66
-447;\u1B19\u1B18\u1B17\u1B15\u1B14\u1B67
-448;\u1B19\u1B18\u1B74
-449;\u1B19\u1B18\u1B16\u1B61
-450;\u1B19\u1B18\u1B16\u1B62
-451;\u1B19\u1B18\u1B16\u1B63
-452;\u1B19\u1B18\u1B16\u1B64
-453;\u1B19\u1B18\u1B16\u1B65
-454;\u1B19\u1B18\u1B16\u1B66
-455;\u1B19\u1B18\u1B16\u1B67
-456;\u1B19\u1B18\u1B16\u1B68
-457;\u1B19\u1B18\u1B16\u1B14\u1B61
-458;\u1B19\u1B18\u1B16\u1B14\u1B62
-459;\u1B19\u1B18\u1B16\u1B14\u1B63
-460;\u1B19\u1B18\u1B16\u1B14\u1B64
-461;\u1B19\u1B18\u1B16\u1B14\u1B65
-462;\u1B19\u1B18\u1B16\u1B14\u1B66
-463;\u1B19\u1B18\u1B16\u1B14\u1B67
-464;\u1B19\u1B18\u1B16\u1B69
-465;\u1B19\u1B18\u1B16\u1B15\u1B61
-466;\u1B19\u1B18\u1B16\u1B15\u1B62
-467;\u1B19\u1B18\u1B16\u1B15\u1B63
-468;\u1B19\u1B18\u1B16\u1B15\u1B64
-469;\u1B19\u1B18\u1B16\u1B15\u1B65
-470;\u1B19\u1B18\u1B16\u1B15\u1B66
-471;\u1B19\u1B18\u1B16\u1B15\u1B67
-472;\u1B19\u1B18\u1B16\u1B15\u1B68
-473;\u1B19\u1B18\u1B16\u1B15\u1B14\u1B61
-474;\u1B19\u1B18\u1B16\u1B15\u1B14\u1B62
-475;\u1B19\u1B18\u1B16\u1B15\u1B14\u1B63
-476;\u1B19\u1B18\u1B16\u1B15\u1B14\u1B64
-477;\u1B19\u1B18\u1B16\u1B15\u1B14\u1B65
-478;\u1B19\u1B18\u1B16\u1B15\u1B14\u1B66
-479;\u1B19\u1B18\u1B16\u1B15\u1B14\u1B67
-480;\u1B19\u1B18\u1B16\u1B6A
-481;\u1B19\u1B18\u1B16\u1B17\u1B61
-482;\u1B19\u1B18\u1B16\u1B17\u1B62
-483;\u1B19\u1B18\u1B16\u1B17\u1B63
-484;\u1B19\u1B18\u1B16\u1B17\u1B64
-485;\u1B19\u1B18\u1B16\u1B17\u1B65
-486;\u1B19\u1B18\u1B16\u1B17\u1B66
-487;\u1B19\u1B18\u1B16\u1B17\u1B67
-488;\u1B19\u1B18\u1B16\u1B17\u1B68
-489;\u1B19\u1B18\u1B16\u1B17\u1B14\u1B61
-490;\u1B19\u1B18\u1B16\u1B17\u1B14\u1B62
-491;\u1B19\u1B18\u1B16\u1B17\u1B14\u1B63
-492;\u1B19\u1B18\u1B16\u1B17\u1B14\u1B64
-493;\u1B19\u1B18\u1B16\u1B17\u1B14\u1B65
-494;\u1B19\u1B18\u1B16\u1B17\u1B14\u1B66
-495;\u1B19\u1B18\u1B16\u1B17\u1B14\u1B67
-496;\u1B19\u1B18\u1B16\u1B17\u1B69
-497;\u1B19\u1B18\u1B16\u1B17\u1B15\u1B61
-498;\u1B19\u1B18\u1B16\u1B17\u1B15\u1B62
-499;\u1B19\u1B18\u1B16\u1B17\u1B15\u1B63
-500;\u1B19\u1B18\u1B16\u1B17\u1B15\u1B64
-501;\u1B19\u1B18\u1B16\u1B17\u1B15\u1B65
-502;\u1B19\u1B18\u1B16\u1B17\u1B15\u1B66
-503;\u1B19\u1B18\u1B16\u1B17\u1B15\u1B67
-504;\u1B19\u1B18\u1B16\u1B17\u1B15\u1B68
-505;\u1B19\u1B18\u1B16\u1B17\u1B15\u1B14\u1B61
-506;\u1B19\u1B18\u1B16\u1B17\u1B15\u1B14\u1B62
-507;\u1B19\u1B18\u1B16\u1B17\u1B15\u1B14\u1B63
-508;\u1B19\u1B18\u1B16\u1B17\u1B15\u1B14\u1B64
-509;\u1B19\u1B18\u1B16\u1B17\u1B15\u1B14\u1B65
-510;\u1B19\u1B18\u1B16\u1B17\u1B15\u1B14\u1B66
-511;\u1B19\u1B18\u1B16\u1B17\u1B15\u1B14\u1B67
-512;\u1B77
-513;\u1B1A\u1B61
-514;\u1B1A\u1B62
-515;\u1B1A\u1B63
-516;\u1B1A\u1B64
-517;\u1B1A\u1B65
-518;\u1B1A\u1B66
-519;\u1B1A\u1B67
-520;\u1B1A\u1B68
-521;\u1B1A\u1B14\u1B61
-522;\u1B1A\u1B14\u1B62
-523;\u1B1A\u1B14\u1B63
-524;\u1B1A\u1B14\u1B64
-525;\u1B1A\u1B14\u1B65
-526;\u1B1A\u1B14\u1B66
-527;\u1B1A\u1B14\u1B67
-528;\u1B1A\u1B69
-529;\u1B1A\u1B15\u1B61
-530;\u1B1A\u1B15\u1B62
-531;\u1B1A\u1B15\u1B63
-532;\u1B1A\u1B15\u1B64
-533;\u1B1A\u1B15\u1B65
-534;\u1B1A\u1B15\u1B66
-535;\u1B1A\u1B15\u1B67
-536;\u1B1A\u1B15\u1B68
-537;\u1B1A\u1B15\u1B14\u1B61
-538;\u1B1A\u1B15\u1B14\u1B62
-539;\u1B1A\u1B15\u1B14\u1B63
-540;\u1B1A\u1B15\u1B14\u1B64
-541;\u1B1A\u1B15\u1B14\u1B65
-542;\u1B1A\u1B15\u1B14\u1B66
-543;\u1B1A\u1B15\u1B14\u1B67
-544;\u1B1A\u1B6A
-545;\u1B1A\u1B17\u1B61
-546;\u1B1A\u1B17\u1B62
-547;\u1B1A\u1B17\u1B63
-548;\u1B1A\u1B17\u1B64
-549;\u1B1A\u1B17\u1B65
-550;\u1B1A\u1B17\u1B66
-551;\u1B1A\u1B17\u1B67
-552;\u1B1A\u1B17\u1B68
-553;\u1B1A\u1B17\u1B14\u1B61
-554;\u1B1A\u1B17\u1B14\u1B62
-555;\u1B1A\u1B17\u1B14\u1B63
-556;\u1B1A\u1B17\u1B14\u1B64
-557;\u1B1A\u1B17\u1B14\u1B65
-558;\u1B1A\u1B17\u1B14\u1B66
-559;\u1B1A\u1B17\u1B14\u1B67
-560;\u1B1A\u1B17\u1B69
-561;\u1B1A\u1B17\u1B15\u1B61
-562;\u1B1A\u1B17\u1B15\u1B62
-563;\u1B1A\u1B17\u1B15\u1B63
-564;\u1B1A\u1B17\u1B15\u1B64
-565;\u1B1A\u1B17\u1B15\u1B65
-566;\u1B1A\u1B17\u1B15\u1B66
-567;\u1B1A\u1B17\u1B15\u1B67
-568;\u1B1A\u1B17\u1B15\u1B68
-569;\u1B1A\u1B17\u1B15\u1B14\u1B61
-570;\u1B1A\u1B17\u1B15\u1B14\u1B62
-571;\u1B1A\u1B17\u1B15\u1B14\u1B63
-572;\u1B1A\u1B17\u1B15\u1B14\u1B64
-573;\u1B1A\u1B17\u1B15\u1B14\u1B65
-574;\u1B1A\u1B17\u1B15\u1B14\u1B66
-575;\u1B1A\u1B17\u1B15\u1B14\u1B67
-576;\u1B1A\u1B74
-577;\u1B1A\u1B16\u1B61
-578;\u1B1A\u1B16\u1B62
-579;\u1B1A\u1B16\u1B63
-580;\u1B1A\u1B16\u1B64
-581;\u1B1A\u1B16\u1B65
-582;\u1B1A\u1B16\u1B66
-583;\u1B1A\u1B16\u1B67
-584;\u1B1A\u1B16\u1B68
-585;\u1B1A\u1B16\u1B14\u1B61
-586;\u1B1A\u1B16\u1B14\u1B62
-587;\u1B1A\u1B16\u1B14\u1B63
-588;\u1B1A\u1B16\u1B14\u1B64
-589;\u1B1A\u1B16\u1B14\u1B65
-590;\u1B1A\u1B16\u1B14\u1B66
-591;\u1B1A\u1B16\u1B14\u1B67
-592;\u1B1A\u1B16\u1B69
-593;\u1B1A\u1B16\u1B15\u1B61
-594;\u1B1A\u1B16\u1B15\u1B62
-595;\u1B1A\u1B16\u1B15\u1B63
-596;\u1B1A\u1B16\u1B15\u1B64
-597;\u1B1A\u1B16\u1B15\u1B65
-598;\u1B1A\u1B16\u1B15\u1B66
-599;\u1B1A\u1B16\u1B15\u1B67
-600;\u1B1A\u1B16\u1B15\u1B68
-601;\u1B1A\u1B16\u1B15\u1B14\u1B61
-602;\u1B1A\u1B16\u1B15\u1B14\u1B62
-603;\u1B1A\u1B16\u1B15\u1B14\u1B63
-604;\u1B1A\u1B16\u1B15\u1B14\u1B64
-605;\u1B1A\u1B16\u1B15\u1B14\u1B65
-606;\u1B1A\u1B16\u1B15\u1B14\u1B66
-607;\u1B1A\u1B16\u1B15\u1B14\u1B67
-608;\u1B1A\u1B16\u1B6A
-609;\u1B1A\u1B16\u1B17\u1B61
-610;\u1B1A\u1B16\u1B17\u1B62
-611;\u1B1A\u1B16\u1B17\u1B63
-612;\u1B1A\u1B16\u1B17\u1B64
-613;\u1B1A\u1B16\u1B17\u1B65
-614;\u1B1A\u1B16\u1B17\u1B66
-615;\u1B1A\u1B16\u1B17\u1B67
-616;\u1B1A\u1B16\u1B17\u1B68
-617;\u1B1A\u1B16\u1B17\u1B14\u1B61
-618;\u1B1A\u1B16\u1B17\u1B14\u1B62
-619;\u1B1A\u1B16\u1B17\u1B14\u1B63
-620;\u1B1A\u1B16\u1B17\u1B14\u1B64
-621;\u1B1A\u1B16\u1B17\u1B14\u1B65
-622;\u1B1A\u1B16\u1B17\u1B14\u1B66
-623;\u1B1A\u1B16\u1B17\u1B14\u1B67
-624;\u1B1A\u1B16\u1B17\u1B69
-625;\u1B1A\u1B16\u1B17\u1B15\u1B61
-626;\u1B1A\u1B16\u1B17\u1B15\u1B62
-627;\u1B1A\u1B16\u1B17\u1B15\u1B63
-628;\u1B1A\u1B16\u1B17\u1B15\u1B64
-629;\u1B1A\u1B16\u1B17\u1B15\u1B65
-630;\u1B1A\u1B16\u1B17\u1B15\u1B66
-631;\u1B1A\u1B16\u1B17\u1B15\u1B67
-632;\u1B1A\u1B16\u1B17\u1B15\u1B68
-633;\u1B1A\u1B16\u1B17\u1B15\u1B14\u1B61
-634;\u1B1A\u1B16\u1B17\u1B15\u1B14\u1B62
-635;\u1B1A\u1B16\u1B17\u1B15\u1B14\u1B63
-636;\u1B1A\u1B16\u1B17\u1B15\u1B14\u1B64
-637;\u1B1A\u1B16\u1B17\u1B15\u1B14\u1B65
-638;\u1B1A\u1B16\u1B17\u1B15\u1B14\u1B66
-639;\u1B1A\u1B16\u1B17\u1B15\u1B14\u1B67
-640;\u1B1A\u1B75
-641;\u1B1A\u1B18\u1B61
-642;\u1B1A\u1B18\u1B62
-643;\u1B1A\u1B18\u1B63
-644;\u1B1A\u1B18\u1B64
-645;\u1B1A\u1B18\u1B65
-646;\u1B1A\u1B18\u1B66
-647;\u1B1A\u1B18\u1B67
-648;\u1B1A\u1B18\u1B68
-649;\u1B1A\u1B18\u1B14\u1B61
-650;\u1B1A\u1B18\u1B14\u1B62
-651;\u1B1A\u1B18\u1B14\u1B63
-652;\u1B1A\u1B18\u1B14\u1B64
-653;\u1B1A\u1B18\u1B14\u1B65
-654;\u1B1A\u1B18\u1B14\u1B66
-655;\u1B1A\u1B18\u1B14\u1B67
-656;\u1B1A\u1B18\u1B69
-657;\u1B1A\u1B18\u1B15\u1B61
-658;\u1B1A\u1B18\u1B15\u1B62
-659;\u1B1A\u1B18\u1B15\u1B63
-660;\u1B1A\u1B18\u1B15\u1B64
-661;\u1B1A\u1B18\u1B15\u1B65
-662;\u1B1A\u1B18\u1B15\u1B66
-663;\u1B1A\u1B18\u1B15\u1B67
-664;\u1B1A\u1B18\u1B15\u1B68
-665;\u1B1A\u1B18\u1B15\u1B14\u1B61
-666;\u1B1A\u1B18\u1B15\u1B14\u1B62
-667;\u1B1A\u1B18\u1B15\u1B14\u1B63
-668;\u1B1A\u1B18\u1B15\u1B14\u1B64
-669;\u1B1A\u1B18\u1B15\u1B14\u1B65
-670;\u1B1A\u1B18\u1B15\u1B14\u1B66
-671;\u1B1A\u1B18\u1B15\u1B14\u1B67
-672;\u1B1A\u1B18\u1B6A
-673;\u1B1A\u1B18\u1B17\u1B61
-674;\u1B1A\u1B18\u1B17\u1B62
-675;\u1B1A\u1B18\u1B17\u1B63
-676;\u1B1A\u1B18\u1B17\u1B64
-677;\u1B1A\u1B18\u1B17\u1B65
-678;\u1B1A\u1B18\u1B17\u1B66
-679;\u1B1A\u1B18\u1B17\u1B67
-680;\u1B1A\u1B18\u1B17\u1B68
-681;\u1B1A\u1B18\u1B17\u1B14\u1B61
-682;\u1B1A\u1B18\u1B17\u1B14\u1B62
-683;\u1B1A\u1B18\u1B17\u1B14\u1B63
-684;\u1B1A\u1B18\u1B17\u1B14\u1B64
-685;\u1B1A\u1B18\u1B17\u1B14\u1B65
-686;\u1B1A\u1B18\u1B17\u1B14\u1B66
-687;\u1B1A\u1B18\u1B17\u1B14\u1B67
-688;\u1B1A\u1B18\u1B17\u1B69
-689;\u1B1A\u1B18\u1B17\u1B15\u1B61
-690;\u1B1A\u1B18\u1B17\u1B15\u1B62
-691;\u1B1A\u1B18\u1B17\u1B15\u1B63
-692;\u1B1A\u1B18\u1B17\u1B15\u1B64
-693;\u1B1A\u1B18\u1B17\u1B15\u1B65
-694;\u1B1A\u1B18\u1B17\u1B15\u1B66
-695;\u1B1A\u1B18\u1B17\u1B15\u1B67
-696;\u1B1A\u1B18\u1B17\u1B15\u1B68
-697;\u1B1A\u1B18\u1B17\u1B15\u1B14\u1B61
-698;\u1B1A\u1B18\u1B17\u1B15\u1B14\u1B62
-699;\u1B1A\u1B18\u1B17\u1B15\u1B14\u1B63
-700;\u1B1A\u1B18\u1B17\u1B15\u1B14\u1B64
-701;\u1B1A\u1B18\u1B17\u1B15\u1B14\u1B65
-702;\u1B1A\u1B18\u1B17\u1B15\u1B14\u1B66
-703;\u1B1A\u1B18\u1B17\u1B15\u1B14\u1B67
-704;\u1B1A\u1B18\u1B74
-705;\u1B1A\u1B18\u1B16\u1B61
-706;\u1B1A\u1B18\u1B16\u1B62
-707;\u1B1A\u1B18\u1B16\u1B63
-708;\u1B1A\u1B18\u1B16\u1B64
-709;\u1B1A\u1B18\u1B16\u1B65
-710;\u1B1A\u1B18\u1B16\u1B66
-711;\u1B1A\u1B18\u1B16\u1B67
-712;\u1B1A\u1B18\u1B16\u1B68
-713;\u1B1A\u1B18\u1B16\u1B14\u1B61
-714;\u1B1A\u1B18\u1B16\u1B14\u1B62
-715;\u1B1A\u1B18\u1B16\u1B14\u1B63
-716;\u1B1A\u1B18\u1B16\u1B14\u1B64
-717;\u1B1A\u1B18\u1B16\u1B14\u1B65
-718;\u1B1A\u1B18\u1B16\u1B14\u1B66
-719;\u1B1A\u1B18\u1B16\u1B14\u1B67
-720;\u1B1A\u1B18\u1B16\u1B69
-721;\u1B1A\u1B18\u1B16\u1B15\u1B61
-722;\u1B1A\u1B18\u1B16\u1B15\u1B62
-723;\u1B1A\u1B18\u1B16\u1B15\u1B63
-724;\u1B1A\u1B18\u1B16\u1B15\u1B64
-725;\u1B1A\u1B18\u1B16\u1B15\u1B65
-726;\u1B1A\u1B18\u1B16\u1B15\u1B66
-727;\u1B1A\u1B18\u1B16\u1B15\u1B67
-728;\u1B1A\u1B18\u1B16\u1B15\u1B68
-729;\u1B1A\u1B18\u1B16\u1B15\u1B14\u1B61
-730;\u1B1A\u1B18\u1B16\u1B15\u1B14\u1B62
-731;\u1B1A\u1B18\u1B16\u1B15\u1B14\u1B63
-732;\u1B1A\u1B18\u1B16\u1B15\u1B14\u1B64
-733;\u1B1A\u1B18\u1B16\u1B15\u1B14\u1B65
-734;\u1B1A\u1B18\u1B16\u1B15\u1B14\u1B66
-735;\u1B1A\u1B18\u1B16\u1B15\u1B14\u1B67
-736;\u1B1A\u1B18\u1B16\u1B6A
-737;\u1B1A\u1B18\u1B16\u1B17\u1B61
-738;\u1B1A\u1B18\u1B16\u1B17\u1B62
-739;\u1B1A\u1B18\u1B16\u1B17\u1B63
-740;\u1B1A\u1B18\u1B16\u1B17\u1B64
-741;\u1B1A\u1B18\u1B16\u1B17\u1B65
-742;\u1B1A\u1B18\u1B16\u1B17\u1B66
-743;\u1B1A\u1B18\u1B16\u1B17\u1B67
-744;\u1B1A\u1B18\u1B16\u1B17\u1B68
-745;\u1B1A\u1B18\u1B16\u1B17\u1B14\u1B61
-746;\u1B1A\u1B18\u1B16\u1B17\u1B14\u1B62
-747;\u1B1A\u1B18\u1B16\u1B17\u1B14\u1B63
-748;\u1B1A\u1B18\u1B16\u1B17\u1B14\u1B64
-749;\u1B1A\u1B18\u1B16\u1B17\u1B14\u1B65
-750;\u1B1A\u1B18\u1B16\u1B17\u1B14\u1B66
-751;\u1B1A\u1B18\u1B16\u1B17\u1B14\u1B67
-752;\u1B1A\u1B18\u1B16\u1B17\u1B69
-753;\u1B1A\u1B18\u1B16\u1B17\u1B15\u1B61
-754;\u1B1A\u1B18\u1B16\u1B17\u1B15\u1B62
-755;\u1B1A\u1B18\u1B16\u1B17\u1B15\u1B63
-756;\u1B1A\u1B18\u1B16\u1B17\u1B15\u1B64
-757;\u1B1A\u1B18\u1B16\u1B17\u1B15\u1B65
-758;\u1B1A\u1B18\u1B16\u1B17\u1B15\u1B66
-759;\u1B1A\u1B18\u1B16\u1B17\u1B15\u1B67
-760;\u1B1A\u1B18\u1B16\u1B17\u1B15\u1B68
-761;\u1B1A\u1B18\u1B16\u1B17\u1B15\u1B14\u1B61
-762;\u1B1A\u1B18\u1B16\u1B17\u1B15\u1B14\u1B62
-763;\u1B1A\u1B18\u1B16\u1B17\u1B15\u1B14\u1B63
-764;\u1B1A\u1B18\u1B16\u1B17\u1B15\u1B14\u1B64
-765;\u1B1A\u1B18\u1B16\u1B17\u1B15\u1B14\u1B65
-766;\u1B1A\u1B18\u1B16\u1B17\u1B15\u1B14\u1B66
-767;\u1B1A\u1B18\u1B16\u1B17\u1B15\u1B14\u1B67
-768;\u1B1A\u1B76
-769;\u1B1A\u1B19\u1B61
-770;\u1B1A\u1B19\u1B62
-771;\u1B1A\u1B19\u1B63
-772;\u1B1A\u1B19\u1B64
-773;\u1B1A\u1B19\u1B65
-774;\u1B1A\u1B19\u1B66
-775;\u1B1A\u1B19\u1B67
-776;\u1B1A\u1B19\u1B68
-777;\u1B1A\u1B19\u1B14\u1B61
-778;\u1B1A\u1B19\u1B14\u1B62
-779;\u1B1A\u1B19\u1B14\u1B63
-780;\u1B1A\u1B19\u1B14\u1B64
-781;\u1B1A\u1B19\u1B14\u1B65
-782;\u1B1A\u1B19\u1B14\u1B66
-783;\u1B1A\u1B19\u1B14\u1B67
-784;\u1B1A\u1B19\u1B69
-785;\u1B1A\u1B19\u1B15\u1B61
-786;\u1B1A\u1B19\u1B15\u1B62
-787;\u1B1A\u1B19\u1B15\u1B63
-788;\u1B1A\u1B19\u1B15\u1B64
-789;\u1B1A\u1B19\u1B15\u1B65
-790;\u1B1A\u1B19\u1B15\u1B66
-791;\u1B1A\u1B19\u1B15\u1B67
-792;\u1B1A\u1B19\u1B15\u1B68
-793;\u1B1A\u1B19\u1B15\u1B14\u1B61
-794;\u1B1A\u1B19\u1B15\u1B14\u1B62
-795;\u1B1A\u1B19\u1B15\u1B14\u1B63
-796;\u1B1A\u1B19\u1B15\u1B14\u1B64
-797;\u1B1A\u1B19\u1B15\u1B14\u1B65
-798;\u1B1A\u1B19\u1B15\u1B14\u1B66
-799;\u1B1A\u1B19\u1B15\u1B14\u1B67
-800;\u1B1A\u1B19\u1B6A
-801;\u1B1A\u1B19\u1B17\u1B61
-802;\u1B1A\u1B19\u1B17\u1B62
-803;\u1B1A\u1B19\u1B17\u1B63
-804;\u1B1A\u1B19\u1B17\u1B64
-805;\u1B1A\u1B19\u1B17\u1B65
-806;\u1B1A\u1B19\u1B17\u1B66
-807;\u1B1A\u1B19\u1B17\u1B67
-808;\u1B1A\u1B19\u1B17\u1B68
-809;\u1B1A\u1B19\u1B17\u1B14\u1B61
-810;\u1B1A\u1B19\u1B17\u1B14\u1B62
-811;\u1B1A\u1B19\u1B17\u1B14\u1B63
-812;\u1B1A\u1B19\u1B17\u1B14\u1B64
-813;\u1B1A\u1B19\u1B17\u1B14\u1B65
-814;\u1B1A\u1B19\u1B17\u1B14\u1B66
-815;\u1B1A\u1B19\u1B17\u1B14\u1B67
-816;\u1B1A\u1B19\u1B17\u1B69
-817;\u1B1A\u1B19\u1B17\u1B15\u1B61
-818;\u1B1A\u1B19\u1B17\u1B15\u1B62
-819;\u1B1A\u1B19\u1B17\u1B15\u1B63
-820;\u1B1A\u1B19\u1B17\u1B15\u1B64
-821;\u1B1A\u1B19\u1B17\u1B15\u1B65
-822;\u1B1A\u1B19\u1B17\u1B15\u1B66
-823;\u1B1A\u1B19\u1B17\u1B15\u1B67
-824;\u1B1A\u1B19\u1B17\u1B15\u1B68
-825;\u1B1A\u1B19\u1B17\u1B15\u1B14\u1B61
-826;\u1B1A\u1B19\u1B17\u1B15\u1B14\u1B62
-827;\u1B1A\u1B19\u1B17\u1B15\u1B14\u1B63
-828;\u1B1A\u1B19\u1B17\u1B15\u1B14\u1B64
-829;\u1B1A\u1B19\u1B17\u1B15\u1B14\u1B65
-830;\u1B1A\u1B19\u1B17\u1B15\u1B14\u1B66
-831;\u1B1A\u1B19\u1B17\u1B15\u1B14\u1B67
-832;\u1B1A\u1B19\u1B74
-833;\u1B1A\u1B19\u1B16\u1B61
-834;\u1B1A\u1B19\u1B16\u1B62
-835;\u1B1A\u1B19\u1B16\u1B63
-836;\u1B1A\u1B19\u1B16\u1B64
-837;\u1B1A\u1B19\u1B16\u1B65
-838;\u1B1A\u1B19\u1B16\u1B66
-839;\u1B1A\u1B19\u1B16\u1B67
-840;\u1B1A\u1B19\u1B16\u1B68
-841;\u1B1A\u1B19\u1B16\u1B14\u1B61
-842;\u1B1A\u1B19\u1B16\u1B14\u1B62
-843;\u1B1A\u1B19\u1B16\u1B14\u1B63
-844;\u1B1A\u1B19\u1B16\u1B14\u1B64
-845;\u1B1A\u1B19\u1B16\u1B14\u1B65
-846;\u1B1A\u1B19\u1B16\u1B14\u1B66
-847;\u1B1A\u1B19\u1B16\u1B14\u1B67
-848;\u1B1A\u1B19\u1B16\u1B69
-849;\u1B1A\u1B19\u1B16\u1B15\u1B61
-850;\u1B1A\u1B19\u1B16\u1B15\u1B62
-851;\u1B1A\u1B19\u1B16\u1B15\u1B63
-852;\u1B1A\u1B19\u1B16\u1B15\u1B64
-853;\u1B1A\u1B19\u1B16\u1B15\u1B65
-854;\u1B1A\u1B19\u1B16\u1B15\u1B66
-855;\u1B1A\u1B19\u1B16\u1B15\u1B67
-856;\u1B1A\u1B19\u1B16\u1B15\u1B68
-857;\u1B1A\u1B19\u1B16\u1B15\u1B14\u1B61
-858;\u1B1A\u1B19\u1B16\u1B15\u1B14\u1B62
-859;\u1B1A\u1B19\u1B16\u1B15\u1B14\u1B63
-860;\u1B1A\u1B19\u1B16\u1B15\u1B14\u1B64
-861;\u1B1A\u1B19\u1B16\u1B15\u1B14\u1B65
-862;\u1B1A\u1B19\u1B16\u1B15\u1B14\u1B66
-863;\u1B1A\u1B19\u1B16\u1B15\u1B14\u1B67
-864;\u1B1A\u1B19\u1B16\u1B6A
-865;\u1B1A\u1B19\u1B16\u1B17\u1B61
-866;\u1B1A\u1B19\u1B16\u1B17\u1B62
-867;\u1B1A\u1B19\u1B16\u1B17\u1B63
-868;\u1B1A\u1B19\u1B16\u1B17\u1B64
-869;\u1B1A\u1B19\u1B16\u1B17\u1B65
-870;\u1B1A\u1B19\u1B16\u1B17\u1B66
-871;\u1B1A\u1B19\u1B16\u1B17\u1B67
-872;\u1B1A\u1B19\u1B16\u1B17\u1B68
-873;\u1B1A\u1B19\u1B16\u1B17\u1B14\u1B61
-874;\u1B1A\u1B19\u1B16\u1B17\u1B14\u1B62
-875;\u1B1A\u1B19\u1B16\u1B17\u1B14\u1B63
-876;\u1B1A\u1B19\u1B16\u1B17\u1B14\u1B64
-877;\u1B1A\u1B19\u1B16\u1B17\u1B14\u1B65
-878;\u1B1A\u1B19\u1B16\u1B17\u1B14\u1B66
-879;\u1B1A\u1B19\u1B16\u1B17\u1B14\u1B67
-880;\u1B1A\u1B19\u1B16\u1B17\u1B69
-881;\u1B1A\u1B19\u1B16\u1B17\u1B15\u1B61
-882;\u1B1A\u1B19\u1B16\u1B17\u1B15\u1B62
-883;\u1B1A\u1B19\u1B16\u1B17\u1B15\u1B63
-884;\u1B1A\u1B19\u1B16\u1B17\u1B15\u1B64
-885;\u1B1A\u1B19\u1B16\u1B17\u1B15\u1B65
-886;\u1B1A\u1B19\u1B16\u1B17\u1B15\u1B66
-887;\u1B1A\u1B19\u1B16\u1B17\u1B15\u1B67
-888;\u1B1A\u1B19\u1B16\u1B17\u1B15\u1B68
-889;\u1B1A\u1B19\u1B16\u1B17\u1B15\u1B14\u1B61
-890;\u1B1A\u1B19\u1B16\u1B17\u1B15\u1B14\u1B62
-891;\u1B1A\u1B19\u1B16\u1B17\u1B15\u1B14\u1B63
-892;\u1B1A\u1B19\u1B16\u1B17\u1B15\u1B14\u1B64
-893;\u1B1A\u1B19\u1B16\u1B17\u1B15\u1B14\u1B65
-894;\u1B1A\u1B19\u1B16\u1B17\u1B15\u1B14\u1B66
-895;\u1B1A\u1B19\u1B16\u1B17\u1B15\u1B14\u1B67
-896;\u1B1A\u1B19\u1B75
-897;\u1B1A\u1B19\u1B18\u1B61
-898;\u1B1A\u1B19\u1B18\u1B62
-899;\u1B1A\u1B19\u1B18\u1B63
-900;\u1B1A\u1B19\u1B18\u1B64
-901;\u1B1A\u1B19\u1B18\u1B65
-902;\u1B1A\u1B19\u1B18\u1B66
-903;\u1B1A\u1B19\u1B18\u1B67
-904;\u1B1A\u1B19\u1B18\u1B68
-905;\u1B1A\u1B19\u1B18\u1B14\u1B61
-906;\u1B1A\u1B19\u1B18\u1B14\u1B62
-907;\u1B1A\u1B19\u1B18\u1B14\u1B63
-908;\u1B1A\u1B19\u1B18\u1B14\u1B64
-909;\u1B1A\u1B19\u1B18\u1B14\u1B65
-910;\u1B1A\u1B19\u1B18\u1B14\u1B66
-911;\u1B1A\u1B19\u1B18\u1B14\u1B67
-912;\u1B1A\u1B19\u1B18\u1B69
-913;\u1B1A\u1B19\u1B18\u1B15\u1B61
-914;\u1B1A\u1B19\u1B18\u1B15\u1B62
-915;\u1B1A\u1B19\u1B18\u1B15\u1B63
-916;\u1B1A\u1B19\u1B18\u1B15\u1B64
-917;\u1B1A\u1B19\u1B18\u1B15\u1B65
-918;\u1B1A\u1B19\u1B18\u1B15\u1B66
-919;\u1B1A\u1B19\u1B18\u1B15\u1B67
-920;\u1B1A\u1B19\u1B18\u1B15\u1B68
-921;\u1B1A\u1B19\u1B18\u1B15\u1B14\u1B61
-922;\u1B1A\u1B19\u1B18\u1B15\u1B14\u1B62
-923;\u1B1A\u1B19\u1B18\u1B15\u1B14\u1B63
-924;\u1B1A\u1B19\u1B18\u1B15\u1B14\u1B64
-925;\u1B1A\u1B19\u1B18\u1B15\u1B14\u1B65
-926;\u1B1A\u1B19\u1B18\u1B15\u1B14\u1B66
-927;\u1B1A\u1B19\u1B18\u1B15\u1B14\u1B67
-928;\u1B1A\u1B19\u1B18\u1B6A
-929;\u1B1A\u1B19\u1B18\u1B17\u1B61
-930;\u1B1A\u1B19\u1B18\u1B17\u1B62
-931;\u1B1A\u1B19\u1B18\u1B17\u1B63
-932;\u1B1A\u1B19\u1B18\u1B17\u1B64
-933;\u1B1A\u1B19\u1B18\u1B17\u1B65
-934;\u1B1A\u1B19\u1B18\u1B17\u1B66
-935;\u1B1A\u1B19\u1B18\u1B17\u1B67
-936;\u1B1A\u1B19\u1B18\u1B17\u1B68
-937;\u1B1A\u1B19\u1B18\u1B17\u1B14\u1B61
-938;\u1B1A\u1B19\u1B18\u1B17\u1B14\u1B62
-939;\u1B1A\u1B19\u1B18\u1B17\u1B14\u1B63
-940;\u1B1A\u1B19\u1B18\u1B17\u1B14\u1B64
-941;\u1B1A\u1B19\u1B18\u1B17\u1B14\u1B65
-942;\u1B1A\u1B19\u1B18\u1B17\u1B14\u1B66
-943;\u1B1A\u1B19\u1B18\u1B17\u1B14\u1B67
-944;\u1B1A\u1B19\u1B18\u1B17\u1B69
-945;\u1B1A\u1B19\u1B18\u1B17\u1B15\u1B61
-946;\u1B1A\u1B19\u1B18\u1B17\u1B15\u1B62
-947;\u1B1A\u1B19\u1B18\u1B17\u1B15\u1B63
-948;\u1B1A\u1B19\u1B18\u1B17\u1B15\u1B64
-949;\u1B1A\u1B19\u1B18\u1B17\u1B15\u1B65
-950;\u1B1A\u1B19\u1B18\u1B17\u1B15\u1B66
-951;\u1B1A\u1B19\u1B18\u1B17\u1B15\u1B67
-952;\u1B1A\u1B19\u1B18\u1B17\u1B15\u1B68
-953;\u1B1A\u1B19\u1B18\u1B17\u1B15\u1B14\u1B61
-954;\u1B1A\u1B19\u1B18\u1B17\u1B15\u1B14\u1B62
-955;\u1B1A\u1B19\u1B18\u1B17\u1B15\u1B14\u1B63
-956;\u1B1A\u1B19\u1B18\u1B17\u1B15\u1B14\u1B64
-957;\u1B1A\u1B19\u1B18\u1B17\u1B15\u1B14\u1B65
-958;\u1B1A\u1B19\u1B18\u1B17\u1B15\u1B14\u1B66
-959;\u1B1A\u1B19\u1B18\u1B17\u1B15\u1B14\u1B67
-960;\u1B1A\u1B19\u1B18\u1B74
-961;\u1B1A\u1B19\u1B18\u1B16\u1B61
-962;\u1B1A\u1B19\u1B18\u1B16\u1B62
-963;\u1B1A\u1B19\u1B18\u1B16\u1B63
-964;\u1B1A\u1B19\u1B18\u1B16\u1B64
-965;\u1B1A\u1B19\u1B18\u1B16\u1B65
-966;\u1B1A\u1B19\u1B18\u1B16\u1B66
-967;\u1B1A\u1B19\u1B18\u1B16\u1B67
-968;\u1B1A\u1B19\u1B18\u1B16\u1B68
-969;\u1B1A\u1B19\u1B18\u1B16\u1B14\u1B61
-970;\u1B1A\u1B19\u1B18\u1B16\u1B14\u1B62
-971;\u1B1A\u1B19\u1B18\u1B16\u1B14\u1B63
-972;\u1B1A\u1B19\u1B18\u1B16\u1B14\u1B64
-973;\u1B1A\u1B19\u1B18\u1B16\u1B14\u1B65
-974;\u1B1A\u1B19\u1B18\u1B16\u1B14\u1B66
-975;\u1B1A\u1B19\u1B18\u1B16\u1B14\u1B67
-976;\u1B1A\u1B19\u1B18\u1B16\u1B69
-977;\u1B1A\u1B19\u1B18\u1B16\u1B15\u1B61
-978;\u1B1A\u1B19\u1B18\u1B16\u1B15\u1B62
-979;\u1B1A\u1B19\u1B18\u1B16\u1B15\u1B63
-980;\u1B1A\u1B19\u1B18\u1B16\u1B15\u1B64
-981;\u1B1A\u1B19\u1B18\u1B16\u1B15\u1B65
-982;\u1B1A\u1B19\u1B18\u1B16\u1B15\u1B66
-983;\u1B1A\u1B19\u1B18\u1B16\u1B15\u1B67
-984;\u1B1A\u1B19\u1B18\u1B16\u1B15\u1B68
-985;\u1B1A\u1B19\u1B18\u1B16\u1B15\u1B14\u1B61
-986;\u1B1A\u1B19\u1B18\u1B16\u1B15\u1B14\u1B62
-987;\u1B1A\u1B19\u1B18\u1B16\u1B15\u1B14\u1B63
-988;\u1B1A\u1B19\u1B18\u1B16\u1B15\u1B14\u1B64
-989;\u1B1A\u1B19\u1B18\u1B16\u1B15\u1B14\u1B65
-990;\u1B1A\u1B19\u1B18\u1B16\u1B15\u1B14\u1B66
-991;\u1B1A\u1B19\u1B18\u1B16\u1B15\u1B14\u1B67
-992;\u1B1A\u1B19\u1B18\u1B16\u1B6A
-993;\u1B1A\u1B19\u1B18\u1B16\u1B17\u1B61
-994;\u1B1A\u1B19\u1B18\u1B16\u1B17\u1B62
-995;\u1B1A\u1B19\u1B18\u1B16\u1B17\u1B63
-996;\u1B1A\u1B19\u1B18\u1B16\u1B17\u1B64
-997;\u1B1A\u1B19\u1B18\u1B16\u1B17\u1B65
-998;\u1B1A\u1B19\u1B18\u1B16\u1B17\u1B66
-999;\u1B1A\u1B19\u1B18\u1B16\u1B17\u1B67
-1000;\u1B1A\u1B19\u1B18\u1B16\u1B17\u1B68
-1001;\u1B1A\u1B19\u1B18\u1B16\u1B17\u1B14\u1B61
-1002;\u1B1A\u1B19\u1B18\u1B16\u1B17\u1B14\u1B62
-1003;\u1B1A\u1B19\u1B18\u1B16\u1B17\u1B14\u1B63
-1004;\u1B1A\u1B19\u1B18\u1B16\u1B17\u1B14\u1B64
-1005;\u1B1A\u1B19\u1B18\u1B16\u1B17\u1B14\u1B65
-1006;\u1B1A\u1B19\u1B18\u1B16\u1B17\u1B14\u1B66
-1007;\u1B1A\u1B19\u1B18\u1B16\u1B17\u1B14\u1B67
-1008;\u1B1A\u1B19\u1B18\u1B16\u1B17\u1B69
-1009;\u1B1A\u1B19\u1B18\u1B16\u1B17\u1B15\u1B61
-1010;\u1B1A\u1B19\u1B18\u1B16\u1B17\u1B15\u1B62
-1011;\u1B1A\u1B19\u1B18\u1B16\u1B17\u1B15\u1B63
-1012;\u1B1A\u1B19\u1B18\u1B16\u1B17\u1B15\u1B64
-1013;\u1B1A\u1B19\u1B18\u1B16\u1B17\u1B15\u1B65
-1014;\u1B1A\u1B19\u1B18\u1B16\u1B17\u1B15\u1B66
-1015;\u1B1A\u1B19\u1B18\u1B16\u1B17\u1B15\u1B67
-1016;\u1B1A\u1B19\u1B18\u1B16\u1B17\u1B15\u1B68
-1017;\u1B1A\u1B19\u1B18\u1B16\u1B17\u1B15\u1B14\u1B61
-1018;\u1B1A\u1B19\u1B18\u1B16\u1B17\u1B15\u1B14\u1B62
-1019;\u1B1A\u1B19\u1B18\u1B16\u1B17\u1B15\u1B14\u1B63
-1020;\u1B1A\u1B19\u1B18\u1B16\u1B17\u1B15\u1B14\u1B64
-1021;\u1B1A\u1B19\u1B18\u1B16\u1B17\u1B15\u1B14\u1B65
-1022;\u1B1A\u1B19\u1B18\u1B16\u1B17\u1B15\u1B14\u1B66
-1023;\u1B1A\u1B19\u1B18\u1B16\u1B17\u1B15\u1B14\u1B67
-1024;\u1B78
-2048;\u1B1B\u1B78
-3072;\u1B1B\u1B1B\u1B78
-4096;\u1B1B\u1B1B\u1B1B\u1B78
-5120;\u1B1B\u1B1B\u1B1B\u1B1B\u1B78
-6144;\u1B1B\u1B1B\u1B1B\u1B1B\u1B1B\u1B78
-7168;\u1B1B\u1B1B\u1B1B\u1B1B\u1B1B\u1B1B\u1B78
-8192;\u1B1B\u1B1B\u1B1B\u1B1B\u1B1B\u1B1B\u1B1B\u1B78
-2147483648;\u1B79